"","id","X","doses","totMem","immRate","year","type","gradeRange","pubPriv","team2014","p.vfc","frLunch13","school","cfrr","cfrr_grade-1","cfrr_grade0","cfrr_grade1","cfrr_grade2","cfrr_grade3","cfrr_grade4","cfrr_grade5","cfrr_grade6","cfrr_grade7","cfrr_grade8","cfrr_grade9","cfrr_grade10","cfrr_grade11","cfrr_grade12","immRate_grade-1","immRate_grade0","immRate_grade1","immRate_grade2","immRate_grade3","immRate_grade4","immRate_grade5","immRate_grade6","immRate_grade7","immRate_grade8","immRate_grade9","immRate_grade10","immRate_grade11","immRate_grade12","cfrr_brad"
"1",161,1,119,424,28,2006,"elem","elem","pub",4,52.760736196319,64.25,"ALACHUA ELEM.",NA,NA,NA,NA,NA,NA,NA,NA,NA,NA,NA,NA,NA,NA,NA,NA,NA,NA,NA,NA,NA,NA,NA,NA,NA,NA,NA,NA,NA,85
"2",171,2,118,470,25,2006,"elem","elem","pub",4,49.8181818181818,59.43,"ARCHER ELEM.",NA,NA,NA,NA,NA,NA,NA,NA,NA,NA,NA,NA,NA,NA,NA,NA,NA,NA,NA,NA,NA,NA,NA,NA,NA,NA,NA,NA,NA,100
"3",510,3,279,715,39,2006,"elem","elem","pub",2,21.5568862275449,34.83,"CHILES ELEM.",NA,NA,NA,NA,NA,NA,NA,NA,NA,NA,NA,NA,NA,NA,NA,NA,NA,NA,NA,NA,NA,NA,NA,NA,NA,NA,NA,NA,NA,71
"4",21,4,29,321,9,2006,"elem","elem","pub",1,87.218045112782,96.6,"DUVAL ELEM.",NA,NA,NA,NA,NA,NA,NA,NA,NA,NA,NA,NA,NA,NA,NA,NA,NA,NA,NA,NA,NA,NA,NA,NA,NA,NA,NA,NA,NA,74
"5",31,5,151,459,33,2006,"elem","elem","pub",1,48.3333333333333,56.25,"JJ FINLEY ELEM.",NA,NA,NA,NA,NA,NA,NA,NA,NA,NA,NA,NA,NA,NA,NA,NA,NA,NA,NA,NA,NA,NA,NA,NA,NA,NA,NA,NA,NA,95
"6",41,6,134,462,29,2006,"elem","elem","pub",NA,51.0548523206751,61.35,"STEPHEN FOSTER ELEM.",NA,NA,NA,NA,NA,NA,NA,NA,NA,NA,NA,NA,NA,NA,NA,NA,NA,NA,NA,NA,NA,NA,NA,NA,NA,NA,NA,NA,NA,84
"7",331,7,107,411,26,2006,"elem","elem","pub",1,36.7892976588629,45.53,"GLEN SPRINGS ELEM.",NA,NA,NA,NA,NA,NA,NA,NA,NA,NA,NA,NA,NA,NA,NA,NA,NA,NA,NA,NA,NA,NA,NA,NA,NA,NA,NA,NA,NA,100
"8",482,8,349,852,41,2006,"elem","elem","pub",3,20.4761904761905,29.5,"HIDDEN OAK ELEM.",NA,NA,NA,NA,NA,NA,NA,NA,NA,NA,NA,NA,NA,NA,NA,NA,NA,NA,NA,NA,NA,NA,NA,NA,NA,NA,NA,NA,NA,84
"9",461,9,274,857,32,2006,"elem","elem","pub",3,32.6027397260274,39.86,"HIGH SPRINGS ELEM.",NA,NA,NA,NA,NA,NA,NA,NA,NA,NA,NA,NA,NA,NA,NA,NA,NA,NA,NA,NA,NA,NA,NA,NA,NA,NA,NA,NA,NA,72
"10",321,10,196,652,30,2006,"elem","elem","pub",3,73.5593220338983,83.18,"IDYLWILD ELEM.",NA,NA,NA,NA,NA,NA,NA,NA,NA,NA,NA,NA,NA,NA,NA,NA,NA,NA,NA,NA,NA,NA,NA,NA,NA,NA,NA,NA,NA,74
"11",571,11,111,529,21,2006,"elem","elem","pub",2,59.5330739299611,65.35,"IRBY ELEM.",NA,NA,NA,NA,NA,NA,NA,NA,NA,NA,NA,NA,NA,NA,NA,NA,NA,NA,NA,NA,NA,NA,NA,NA,NA,NA,NA,NA,NA,95
"12",71,12,61,379,16,2006,"elem","elem","pub",4,88.4615384615385,96,"LAKE FOREST ELEM.",NA,NA,NA,NA,NA,NA,NA,NA,NA,NA,NA,NA,NA,NA,NA,NA,NA,NA,NA,NA,NA,NA,NA,NA,NA,NA,NA,NA,NA,74
"13",91,13,193,667,29,2006,"elem","elem","pub",3,78.8461538461538,59.55,"LITTLEWOOD ELEM.",NA,NA,NA,NA,NA,NA,NA,NA,NA,NA,NA,NA,NA,NA,NA,NA,NA,NA,NA,NA,NA,NA,NA,NA,NA,NA,NA,NA,NA,77
"14",101,14,41,451,9,2006,"elem","elem","pub",4,80.5970149253731,94.84,"METCALFE ELEM.",NA,NA,NA,NA,NA,NA,NA,NA,NA,NA,NA,NA,NA,NA,NA,NA,NA,NA,NA,NA,NA,NA,NA,NA,NA,NA,NA,NA,NA,54
"15",531,15,124,539,23,2006,"elem","elem","pub",3,51.2345679012346,54.75,"NEWBERRY ELEM.",NA,NA,NA,NA,NA,NA,NA,NA,NA,NA,NA,NA,NA,NA,NA,NA,NA,NA,NA,NA,NA,NA,NA,NA,NA,NA,NA,NA,NA,99
"16",541,16,155,645,24,2006,"elem","elem","pub",2,48.695652173913,57.25,"NORTON ELEM.",NA,NA,NA,NA,NA,NA,NA,NA,NA,NA,NA,NA,NA,NA,NA,NA,NA,NA,NA,NA,NA,NA,NA,NA,NA,NA,NA,NA,NA,99
"17",341,17,35,388,9,2006,"elem","elem","pub",2,86.7647058823529,78.98,"RAWLINGS & FERNSIDE",NA,NA,NA,NA,NA,NA,NA,NA,NA,NA,NA,NA,NA,NA,NA,NA,NA,NA,NA,NA,NA,NA,NA,NA,NA,NA,NA,NA,NA,59
"18",281,18,26,197,13,2006,"elem","elem","pub",NA,75,57.92,"SHELL ELEM.",NA,NA,NA,NA,NA,NA,NA,NA,NA,NA,NA,NA,NA,NA,NA,NA,NA,NA,NA,NA,NA,NA,NA,NA,NA,NA,NA,NA,NA,90
"19",561,19,338,704,48,2006,"elem","elem","pub",2,21.9718309859155,31.99,"TALBOT ELEM.",NA,NA,NA,NA,NA,NA,NA,NA,NA,NA,NA,NA,NA,NA,NA,NA,NA,NA,NA,NA,NA,NA,NA,NA,NA,NA,NA,NA,NA,94
"20",311,20,91,648,14,2006,"elem","elem","pub",2,78.3687943262411,85.21,"TERWILLIGER ELEM.",NA,NA,NA,NA,NA,NA,NA,NA,NA,NA,NA,NA,NA,NA,NA,NA,NA,NA,NA,NA,NA,NA,NA,NA,NA,NA,NA,NA,NA,62
"21",291,21,33,197,17,2006,"elem","elem","pub",4,82.1782178217822,85.99,"WALDO ELEM.",NA,NA,NA,NA,NA,NA,NA,NA,NA,NA,NA,NA,NA,NA,NA,NA,NA,NA,NA,NA,NA,NA,NA,NA,NA,NA,NA,NA,NA,73
"22",111,22,185,543,34,2006,"elem","elem","pub",1,53.3333333333333,74.73,"WILLIAMS ELEM.",NA,NA,NA,NA,NA,NA,NA,NA,NA,NA,NA,NA,NA,NA,NA,NA,NA,NA,NA,NA,NA,NA,NA,NA,NA,NA,NA,NA,NA,67
"23",501,23,131,692,19,2006,"elem","elem","pub",3,38.715953307393,44.32,"WILES ELEM.",NA,NA,NA,NA,NA,NA,NA,NA,NA,NA,NA,NA,NA,NA,NA,NA,NA,NA,NA,NA,NA,NA,NA,NA,NA,NA,NA,NA,NA,88
"24",121,24,153,728,21,2006,"mid","mid","pub",2,39.5161290322581,60.03,"HOWARD BISHOP MIDDLE",NA,NA,NA,NA,NA,NA,NA,NA,NA,NA,NA,NA,NA,NA,NA,NA,NA,NA,NA,NA,NA,NA,NA,NA,NA,NA,NA,NA,NA,69
"25",481,25,205,820,25,2006,"mid","mid","pub",3,38.7951807228916,42.25,"FT. CLARKE MIDDLE",NA,NA,NA,NA,NA,NA,NA,NA,NA,NA,NA,NA,NA,NA,NA,NA,NA,NA,NA,NA,NA,NA,NA,NA,NA,NA,NA,NA,NA,88
"26",502,26,216,900,24,2006,"mid","mid","pub",4,35.8536585365854,45.6,"KANAPAHA MIDDLE",NA,NA,NA,NA,NA,NA,NA,NA,NA,NA,NA,NA,NA,NA,NA,NA,NA,NA,NA,NA,NA,NA,NA,NA,NA,NA,NA,NA,NA,65
"27",112,27,152,723,21,2006,"mid","mid","pub",2,35.2941176470588,53.76,"LINCOLN MIDDLE",NA,NA,NA,NA,NA,NA,NA,NA,NA,NA,NA,NA,NA,NA,NA,NA,NA,NA,NA,NA,NA,NA,NA,NA,NA,NA,NA,NA,NA,62
"28",221,28,69,434,16,2006,"mid","mid","pub",4,51.7730496453901,62.67,"MEBANE MIDDLE",NA,NA,NA,NA,NA,NA,NA,NA,NA,NA,NA,NA,NA,NA,NA,NA,NA,NA,NA,NA,NA,NA,NA,NA,NA,NA,NA,NA,NA,75
"29",591,29,133,633,21,2006,"mid","mid","pub",1,36.3372093023256,44.71,"OAKVIEW MIDDLE",NA,NA,NA,NA,NA,NA,NA,NA,NA,NA,NA,NA,NA,NA,NA,NA,NA,NA,NA,NA,NA,NA,NA,NA,NA,NA,NA,NA,NA,83
"30",141,30,308,994,31,2006,"mid","mid","pub",1,43.5164835164835,54.12,"WESTWOOD MIDDLE",NA,NA,NA,NA,NA,NA,NA,NA,NA,NA,NA,NA,NA,NA,NA,NA,NA,NA,NA,NA,NA,NA,NA,NA,NA,NA,NA,NA,NA,81
"31",161,31,153,424,36,2009,"elem","elem","pub",4,52.760736196319,64.25,"ALACHUA ELEM.",NA,NA,NA,NA,NA,NA,NA,NA,NA,NA,NA,NA,NA,NA,NA,NA,NA,NA,NA,NA,NA,NA,NA,NA,NA,NA,NA,NA,NA,85
"32",171,32,310,470,66,2009,"elem","elem","pub",4,49.8181818181818,59.43,"ARCHER ELEM.",NA,NA,NA,NA,NA,NA,NA,NA,NA,NA,NA,NA,NA,NA,NA,NA,NA,NA,NA,NA,NA,NA,NA,NA,NA,NA,NA,NA,NA,100
"33",510,33,386,715,54,2009,"elem","elem","pub",2,21.5568862275449,34.83,"CHILES ELEM.",NA,NA,NA,NA,NA,NA,NA,NA,NA,NA,NA,NA,NA,NA,NA,NA,NA,NA,NA,NA,NA,NA,NA,NA,NA,NA,NA,NA,NA,71
"34",21,34,173,321,54,2009,"elem","elem","pub",1,87.218045112782,96.6,"DUVAL ELEM.",NA,NA,NA,NA,NA,NA,NA,NA,NA,NA,NA,NA,NA,NA,NA,NA,NA,NA,NA,NA,NA,NA,NA,NA,NA,NA,NA,NA,NA,74
"35",31,35,289,459,63,2009,"elem","elem","pub",1,48.3333333333333,56.25,"JJ FINLEY ELEM.",NA,NA,NA,NA,NA,NA,NA,NA,NA,NA,NA,NA,NA,NA,NA,NA,NA,NA,NA,NA,NA,NA,NA,NA,NA,NA,NA,NA,NA,95
"36",41,36,203,462,44,2009,"elem","elem","pub",NA,51.0548523206751,61.35,"STEPHEN FOSTER ELEM.",NA,NA,NA,NA,NA,NA,NA,NA,NA,NA,NA,NA,NA,NA,NA,NA,NA,NA,NA,NA,NA,NA,NA,NA,NA,NA,NA,NA,NA,84
"37",331,37,230,411,56,2009,"elem","elem","pub",1,36.7892976588629,45.53,"GLEN SPRINGS ELEM.",NA,NA,NA,NA,NA,NA,NA,NA,NA,NA,NA,NA,NA,NA,NA,NA,NA,NA,NA,NA,NA,NA,NA,NA,NA,NA,NA,NA,NA,100
"38",482,38,435,852,51,2009,"elem","elem","pub",3,20.4761904761905,29.5,"HIDDEN OAK ELEM.",NA,NA,NA,NA,NA,NA,NA,NA,NA,NA,NA,NA,NA,NA,NA,NA,NA,NA,NA,NA,NA,NA,NA,NA,NA,NA,NA,NA,NA,84
"39",461,39,377,857,44,2009,"elem","elem","pub",3,32.6027397260274,39.86,"HIGH SPRINGS ELEM.",NA,NA,NA,NA,NA,NA,NA,NA,NA,NA,NA,NA,NA,NA,NA,NA,NA,NA,NA,NA,NA,NA,NA,NA,NA,NA,NA,NA,NA,72
"40",321,40,339,652,52,2009,"elem","elem","pub",3,73.5593220338983,83.18,"IDYLWILD ELEM.",NA,NA,NA,NA,NA,NA,NA,NA,NA,NA,NA,NA,NA,NA,NA,NA,NA,NA,NA,NA,NA,NA,NA,NA,NA,NA,NA,NA,NA,74
"41",571,41,259,529,49,2009,"elem","elem","pub",2,59.5330739299611,65.35,"IRBY ELEM.",NA,NA,NA,NA,NA,NA,NA,NA,NA,NA,NA,NA,NA,NA,NA,NA,NA,NA,NA,NA,NA,NA,NA,NA,NA,NA,NA,NA,NA,95
"42",71,42,178,379,47,2009,"elem","elem","pub",4,88.4615384615385,96,"LAKE FOREST ELEM.",NA,NA,NA,NA,NA,NA,NA,NA,NA,NA,NA,NA,NA,NA,NA,NA,NA,NA,NA,NA,NA,NA,NA,NA,NA,NA,NA,NA,NA,74
"43",91,43,414,667,62,2009,"elem","elem","pub",3,78.8461538461538,59.55,"LITTLEWOOD ELEM.",NA,NA,NA,NA,NA,NA,NA,NA,NA,NA,NA,NA,NA,NA,NA,NA,NA,NA,NA,NA,NA,NA,NA,NA,NA,NA,NA,NA,NA,77
"44",101,44,117,451,26,2009,"elem","elem","pub",4,80.5970149253731,94.84,"METCALFE ELEM.",NA,NA,NA,NA,NA,NA,NA,NA,NA,NA,NA,NA,NA,NA,NA,NA,NA,NA,NA,NA,NA,NA,NA,NA,NA,NA,NA,NA,NA,54
"45",531,45,313,539,58,2009,"elem","elem","pub",3,51.2345679012346,54.75,"NEWBERRY ELEM.",NA,NA,NA,NA,NA,NA,NA,NA,NA,NA,NA,NA,NA,NA,NA,NA,NA,NA,NA,NA,NA,NA,NA,NA,NA,NA,NA,NA,NA,99
"46",541,46,322,645,50,2009,"elem","elem","pub",2,48.695652173913,57.25,"NORTON ELEM.",NA,NA,NA,NA,NA,NA,NA,NA,NA,NA,NA,NA,NA,NA,NA,NA,NA,NA,NA,NA,NA,NA,NA,NA,NA,NA,NA,NA,NA,99
"47",341,47,213,388,55,2009,"elem","elem","pub",2,86.7647058823529,78.98,"RAWLINGS & FERNSIDE",NA,NA,NA,NA,NA,NA,NA,NA,NA,NA,NA,NA,NA,NA,NA,NA,NA,NA,NA,NA,NA,NA,NA,NA,NA,NA,NA,NA,NA,59
"48",281,48,98,197,50,2009,"elem","elem","pub",NA,75,57.92,"SHELL ELEM.",NA,NA,NA,NA,NA,NA,NA,NA,NA,NA,NA,NA,NA,NA,NA,NA,NA,NA,NA,NA,NA,NA,NA,NA,NA,NA,NA,NA,NA,90
"49",561,49,436,704,62,2009,"elem","elem","pub",2,21.9718309859155,31.99,"TALBOT ELEM.",NA,NA,NA,NA,NA,NA,NA,NA,NA,NA,NA,NA,NA,NA,NA,NA,NA,NA,NA,NA,NA,NA,NA,NA,NA,NA,NA,NA,NA,94
"50",311,50,259,648,40,2009,"elem","elem","pub",2,78.3687943262411,85.21,"TERWILLIGER ELEM.",NA,NA,NA,NA,NA,NA,NA,NA,NA,NA,NA,NA,NA,NA,NA,NA,NA,NA,NA,NA,NA,NA,NA,NA,NA,NA,NA,NA,NA,62
"51",291,51,134,197,68,2009,"elem","elem","pub",4,82.1782178217822,85.99,"WALDO ELEM.",NA,NA,NA,NA,NA,NA,NA,NA,NA,NA,NA,NA,NA,NA,NA,NA,NA,NA,NA,NA,NA,NA,NA,NA,NA,NA,NA,NA,NA,73
"52",111,52,206,543,38,2009,"elem","elem","pub",1,53.3333333333333,74.73,"WILLIAMS ELEM.",NA,NA,NA,NA,NA,NA,NA,NA,NA,NA,NA,NA,NA,NA,NA,NA,NA,NA,NA,NA,NA,NA,NA,NA,NA,NA,NA,NA,NA,67
"53",501,53,367,692,53,2009,"elem","elem","pub",3,38.715953307393,44.32,"WILES ELEM.",NA,NA,NA,NA,NA,NA,NA,NA,NA,NA,NA,NA,NA,NA,NA,NA,NA,NA,NA,NA,NA,NA,NA,NA,NA,NA,NA,NA,NA,88
"54",121,54,284,728,39,2009,"mid","mid","pub",2,39.5161290322581,60.03,"HOWARD BISHOP MIDDLE",NA,NA,NA,NA,NA,NA,NA,NA,NA,NA,NA,NA,NA,NA,NA,NA,NA,NA,NA,NA,NA,NA,NA,NA,NA,NA,NA,NA,NA,69
"55",481,55,443,820,54,2009,"mid","mid","pub",3,38.7951807228916,42.25,"FT. CLARKE MIDDLE",NA,NA,NA,NA,NA,NA,NA,NA,NA,NA,NA,NA,NA,NA,NA,NA,NA,NA,NA,NA,NA,NA,NA,NA,NA,NA,NA,NA,NA,88
"56",201,56,110,345,32,2009,"high","high","pub",3,75,79.53,"HAWTHORNE JR./SR. HIGH",NA,NA,NA,NA,NA,NA,NA,NA,NA,NA,NA,NA,NA,NA,NA,NA,NA,NA,NA,NA,NA,NA,NA,NA,NA,NA,NA,NA,NA,76
"57",502,57,450,900,50,2009,"mid","mid","pub",4,35.8536585365854,45.6,"KANAPAHA MIDDLE",NA,NA,NA,NA,NA,NA,NA,NA,NA,NA,NA,NA,NA,NA,NA,NA,NA,NA,NA,NA,NA,NA,NA,NA,NA,NA,NA,NA,NA,65
"58",112,58,202,723,28,2009,"mid","mid","pub",2,35.2941176470588,53.76,"LINCOLN MIDDLE",NA,NA,NA,NA,NA,NA,NA,NA,NA,NA,NA,NA,NA,NA,NA,NA,NA,NA,NA,NA,NA,NA,NA,NA,NA,NA,NA,NA,NA,62
"59",221,59,195,434,45,2009,"mid","mid","pub",4,51.7730496453901,62.67,"MEBANE MIDDLE",NA,NA,NA,NA,NA,NA,NA,NA,NA,NA,NA,NA,NA,NA,NA,NA,NA,NA,NA,NA,NA,NA,NA,NA,NA,NA,NA,NA,NA,75
"60",591,60,291,633,46,2009,"mid","mid","pub",1,36.3372093023256,44.71,"OAKVIEW MIDDLE",NA,NA,NA,NA,NA,NA,NA,NA,NA,NA,NA,NA,NA,NA,NA,NA,NA,NA,NA,NA,NA,NA,NA,NA,NA,NA,NA,NA,NA,83
"61",141,61,368,994,37,2009,"mid","mid","pub",1,43.5164835164835,54.12,"WESTWOOD MIDDLE",NA,NA,NA,NA,NA,NA,NA,NA,NA,NA,NA,NA,NA,NA,NA,NA,NA,NA,NA,NA,NA,NA,NA,NA,NA,NA,NA,NA,NA,81
"62",52,62,24,66,36.3636363636364,2010,"elem","elem","pub",4,91.304347826087,80,"A QUINN ELEM.",NA,NA,NA,NA,NA,NA,NA,NA,NA,NA,NA,NA,NA,NA,NA,NA,NA,NA,NA,NA,NA,NA,NA,NA,NA,NA,NA,NA,NA,42
"63",161,63,160,424,37.7358490566038,2010,"elem","elem","pub",4,52.760736196319,64.25,"ALACHUA ELEM.",NA,NA,NA,NA,NA,NA,NA,NA,NA,NA,NA,NA,NA,NA,NA,NA,NA,NA,NA,NA,NA,NA,NA,NA,NA,NA,NA,NA,NA,85
"64",1011,64,38,170,22.3529411764706,2010,"multi","k-8","priv",NA,39.0243902439024,NA,"ALACHUA LEARNING CTR",NA,NA,NA,NA,NA,NA,NA,NA,NA,NA,NA,NA,NA,NA,NA,NA,NA,NA,NA,NA,NA,NA,NA,NA,NA,NA,NA,NA,NA,NA
"65",171,65,271,470,57.6595744680851,2010,"elem","elem","pub",4,49.8181818181818,59.43,"ARCHER ELEM.",NA,NA,NA,NA,NA,NA,NA,NA,NA,NA,NA,NA,NA,NA,NA,NA,NA,NA,NA,NA,NA,NA,NA,NA,NA,NA,NA,NA,NA,100
"66",-1,66,5,65,7.69230769230769,2010,"prek","prek","priv",NA,12.5,NA,"B'NAI ISRAEL",NA,NA,NA,NA,NA,NA,NA,NA,NA,NA,NA,NA,NA,NA,NA,NA,NA,NA,NA,NA,NA,NA,NA,NA,NA,NA,NA,NA,NA,NA
"67",-21,67,3,59,5.08474576271186,2010,"multi","prek-8","priv",NA,NA,NA,"BHAKTIVEDANTA",NA,NA,NA,NA,NA,NA,NA,NA,NA,NA,NA,NA,NA,NA,NA,NA,NA,NA,NA,NA,NA,NA,NA,NA,NA,NA,NA,NA,NA,NA
"68",-2,68,80,183,43.7158469945355,2010,"multi","prek-5","priv",NA,15.7303370786517,NA,"BRENTWOOD SCHOOL",NA,NA,NA,NA,NA,NA,NA,NA,NA,NA,NA,NA,NA,NA,NA,NA,NA,NA,NA,NA,NA,NA,NA,NA,NA,NA,NA,NA,NA,NA
"69",431,69,344,2048,16.796875,2010,"high","high","pub",2,25.5972696245734,27.28,"BUCHHOLZ HIGH",NA,NA,NA,NA,NA,NA,NA,NA,NA,NA,NA,NA,NA,NA,NA,NA,NA,NA,NA,NA,NA,NA,NA,NA,NA,NA,NA,NA,NA,51
"70",953,70,37,124,29.8387096774194,2010,"elem","elem","priv",NA,87.1794871794872,94.3,"CARING & SHARING LEARNING",NA,NA,NA,NA,NA,NA,NA,NA,NA,NA,NA,NA,NA,NA,NA,NA,NA,NA,NA,NA,NA,NA,NA,NA,NA,NA,NA,NA,NA,NA
"71",510,71,356,715,49.7902097902098,2010,"elem","elem","pub",2,21.5568862275449,34.83,"CHILES ELEM.",NA,NA,NA,NA,NA,NA,NA,NA,NA,NA,NA,NA,NA,NA,NA,NA,NA,NA,NA,NA,NA,NA,NA,NA,NA,NA,NA,NA,NA,71
"72",-3,72,16,40,40,2010,"multi","k-12","priv",NA,57.1428571428571,NA,"CHRISTIAN LIFE ACADEMY",NA,NA,NA,NA,NA,NA,NA,NA,NA,NA,NA,NA,NA,NA,NA,NA,NA,NA,NA,NA,NA,NA,NA,NA,NA,NA,NA,NA,NA,NA
"73",-4,73,31,149,20.8053691275168,2010,"multi","prek-12","priv",NA,20.8333333333333,NA,"COUNTRYSIDE BAPTIST",NA,NA,NA,NA,NA,NA,NA,NA,NA,NA,NA,NA,NA,NA,NA,NA,NA,NA,NA,NA,NA,NA,NA,NA,NA,NA,NA,NA,NA,NA
"74",21,74,149,321,46.417445482866,2010,"elem","elem","pub",1,87.218045112782,96.6,"DUVAL ELEM.",NA,NA,NA,NA,NA,NA,NA,NA,NA,NA,NA,NA,NA,NA,NA,NA,NA,NA,NA,NA,NA,NA,NA,NA,NA,NA,NA,NA,NA,74
"75",421,75,241,1403,17.1774768353528,2010,"high","high","pub",2,34.3661971830986,52.69,"EASTSIDE HIGH",NA,NA,NA,NA,NA,NA,NA,NA,NA,NA,NA,NA,NA,NA,NA,NA,NA,NA,NA,NA,NA,NA,NA,NA,NA,NA,NA,NA,NA,39
"76",955,76,29,102,28.4313725490196,2010,"multi","2-8","priv",NA,48.8888888888889,51.4,"EINSTEIN MONT",NA,NA,NA,NA,NA,NA,NA,NA,NA,NA,NA,NA,NA,NA,NA,NA,NA,NA,NA,NA,NA,NA,NA,NA,NA,NA,NA,NA,NA,NA
"77",956,77,19,88,21.5909090909091,2010,"elem","elem","priv",NA,23.0769230769231,12.09,"EXPRESSIONS",NA,NA,NA,NA,NA,NA,NA,NA,NA,NA,NA,NA,NA,NA,NA,NA,NA,NA,NA,NA,NA,NA,NA,NA,NA,NA,NA,NA,NA,NA
"78",-6,78,27,70,38.5714285714286,2010,"elem","elem","priv",NA,58.8235294117647,NA,"FOREST GROVE",NA,NA,NA,NA,NA,NA,NA,NA,NA,NA,NA,NA,NA,NA,NA,NA,NA,NA,NA,NA,NA,NA,NA,NA,NA,NA,NA,NA,NA,NA
"79",481,79,325,820,39.6341463414634,2010,"mid","mid","pub",3,38.7951807228916,42.25,"FT. CLARKE MIDDLE",NA,NA,NA,NA,NA,NA,NA,NA,NA,NA,NA,NA,NA,NA,NA,NA,NA,NA,NA,NA,NA,NA,NA,NA,NA,NA,NA,NA,NA,88
"80",151,80,334,1791,18.6487995533222,2010,"high","high","pub",3,30.4932735426009,42.3,"GAINESVILLE HIGH",NA,NA,NA,NA,NA,NA,NA,NA,NA,NA,NA,NA,NA,NA,NA,NA,NA,NA,NA,NA,NA,NA,NA,NA,NA,NA,NA,NA,NA,41
"81",958,81,13,66,19.6969696969697,2010,"elem","elem","priv",NA,88.8888888888889,82.35,"GENESIS PREP.",NA,NA,NA,NA,NA,NA,NA,NA,NA,NA,NA,NA,NA,NA,NA,NA,NA,NA,NA,NA,NA,NA,NA,NA,NA,NA,NA,NA,NA,NA
"82",331,82,229,411,55.7177615571776,2010,"elem","elem","pub",1,36.7892976588629,45.53,"GLEN SPRINGS ELEM.",NA,NA,NA,NA,NA,NA,NA,NA,NA,NA,NA,NA,NA,NA,NA,NA,NA,NA,NA,NA,NA,NA,NA,NA,NA,NA,NA,NA,NA,100
"83",-7,83,133,225,59.1111111111111,2010,"prek","prek","priv",NA,9.52380952380952,NA,"G'VILLE COUNTRY DAY PRE-K 75TH",NA,NA,NA,NA,NA,NA,NA,NA,NA,NA,NA,NA,NA,NA,NA,NA,NA,NA,NA,NA,NA,NA,NA,NA,NA,NA,NA,NA,NA,NA
"84",201,84,74,345,21.4492753623188,2010,"high","high","pub",3,75,79.53,"HAWTHORNE JR./SR. HIGH",NA,NA,NA,NA,NA,NA,NA,NA,NA,NA,NA,NA,NA,NA,NA,NA,NA,NA,NA,NA,NA,NA,NA,NA,NA,NA,NA,NA,NA,76
"85",981,85,30,60,50,2010,"elem","elem","priv",NA,15.3846153846154,26.14,"HEALTHY LEARNING",NA,NA,NA,NA,NA,NA,NA,NA,NA,NA,NA,NA,NA,NA,NA,NA,NA,NA,NA,NA,NA,NA,NA,NA,NA,NA,NA,NA,NA,NA
"86",482,86,506,852,59.3896713615023,2010,"elem","elem","pub",3,20.4761904761905,29.5,"HIDDEN OAK ELEM.",NA,NA,NA,NA,NA,NA,NA,NA,NA,NA,NA,NA,NA,NA,NA,NA,NA,NA,NA,NA,NA,NA,NA,NA,NA,NA,NA,NA,NA,84
"87",461,87,318,857,37.1061843640607,2010,"elem","elem","pub",3,32.6027397260274,39.86,"HIGH SPRINGS ELEM.",NA,NA,NA,NA,NA,NA,NA,NA,NA,NA,NA,NA,NA,NA,NA,NA,NA,NA,NA,NA,NA,NA,NA,NA,NA,NA,NA,NA,NA,72
"88",971,88,12,120,10,2010,"mid","mid","priv",NA,57.5,79.82,"HOGGTOWN MIDDLE",NA,NA,NA,NA,NA,NA,NA,NA,NA,NA,NA,NA,NA,NA,NA,NA,NA,NA,NA,NA,NA,NA,NA,NA,NA,NA,NA,NA,NA,NA
"89",412,89,7,81,8.64197530864197,2010,"high","high","pub",1,75,93.26,"HORIZON CENTER",NA,NA,NA,NA,NA,NA,NA,NA,NA,NA,NA,NA,NA,NA,NA,NA,NA,NA,NA,NA,NA,NA,NA,NA,NA,NA,NA,NA,NA,15
"90",121,90,220,728,30.2197802197802,2010,"mid","mid","pub",2,39.5161290322581,60.03,"HOWARD BISHOP MIDDLE",NA,NA,NA,NA,NA,NA,NA,NA,NA,NA,NA,NA,NA,NA,NA,NA,NA,NA,NA,NA,NA,NA,NA,NA,NA,NA,NA,NA,NA,69
"91",321,91,275,652,42.1779141104294,2010,"elem","elem","pub",3,73.5593220338983,83.18,"IDYLWILD ELEM.",NA,NA,NA,NA,NA,NA,NA,NA,NA,NA,NA,NA,NA,NA,NA,NA,NA,NA,NA,NA,NA,NA,NA,NA,NA,NA,NA,NA,NA,74
"92",571,92,218,529,41.2098298676749,2010,"elem","elem","pub",2,59.5330739299611,65.35,"IRBY ELEM.",NA,NA,NA,NA,NA,NA,NA,NA,NA,NA,NA,NA,NA,NA,NA,NA,NA,NA,NA,NA,NA,NA,NA,NA,NA,NA,NA,NA,NA,95
"93",31,93,261,459,56.8627450980392,2010,"elem","elem","pub",1,48.3333333333333,56.25,"JJ FINLEY ELEM.",NA,NA,NA,NA,NA,NA,NA,NA,NA,NA,NA,NA,NA,NA,NA,NA,NA,NA,NA,NA,NA,NA,NA,NA,NA,NA,NA,NA,NA,95
"94",-9,94,45,115,39.1304347826087,2010,"multi","prek-8","priv",NA,5.08474576271186,NA,"JORDAN GLENN",NA,NA,NA,NA,NA,NA,NA,NA,NA,NA,NA,NA,NA,NA,NA,NA,NA,NA,NA,NA,NA,NA,NA,NA,NA,NA,NA,NA,NA,NA
"95",502,95,379,900,42.1111111111111,2010,"mid","mid","pub",4,35.8536585365854,45.6,"KANAPAHA MIDDLE",NA,NA,NA,NA,NA,NA,NA,NA,NA,NA,NA,NA,NA,NA,NA,NA,NA,NA,NA,NA,NA,NA,NA,NA,NA,NA,NA,NA,NA,65
"96",71,96,144,379,37.9947229551451,2010,"elem","elem","pub",4,88.4615384615385,96,"LAKE FOREST ELEM.",NA,NA,NA,NA,NA,NA,NA,NA,NA,NA,NA,NA,NA,NA,NA,NA,NA,NA,NA,NA,NA,NA,NA,NA,NA,NA,NA,NA,NA,74
"97",112,97,196,723,27.1092669432918,2010,"mid","mid","pub",2,35.2941176470588,53.76,"LINCOLN MIDDLE",NA,NA,NA,NA,NA,NA,NA,NA,NA,NA,NA,NA,NA,NA,NA,NA,NA,NA,NA,NA,NA,NA,NA,NA,NA,NA,NA,NA,NA,62
"98",91,98,300,667,44.9775112443778,2010,"elem","elem","pub",3,78.8461538461538,59.55,"LITTLEWOOD ELEM.",NA,NA,NA,NA,NA,NA,NA,NA,NA,NA,NA,NA,NA,NA,NA,NA,NA,NA,NA,NA,NA,NA,NA,NA,NA,NA,NA,NA,NA,77
"99",221,99,134,434,30.8755760368664,2010,"mid","mid","pub",4,51.7730496453901,62.67,"MEBANE MIDDLE",NA,NA,NA,NA,NA,NA,NA,NA,NA,NA,NA,NA,NA,NA,NA,NA,NA,NA,NA,NA,NA,NA,NA,NA,NA,NA,NA,NA,NA,75
"100",101,100,122,451,27.0509977827051,2010,"elem","elem","pub",4,80.5970149253731,94.84,"METCALFE ELEM.",NA,NA,NA,NA,NA,NA,NA,NA,NA,NA,NA,NA,NA,NA,NA,NA,NA,NA,NA,NA,NA,NA,NA,NA,NA,NA,NA,NA,NA,54
"101",951,101,71,116,61.2068965517241,2010,"elem","elem","priv",NA,54.6666666666667,NA,"MICANOPY AREA CO-OP",NA,NA,NA,NA,NA,NA,NA,NA,NA,NA,NA,NA,NA,NA,NA,NA,NA,NA,NA,NA,NA,NA,NA,NA,NA,NA,NA,NA,NA,NA
"102",961,102,26,79,32.9113924050633,2010,"mid","mid","priv",NA,55.5555555555556,65.57,"MICANOPY MIDDLE SCHOOL",NA,NA,NA,NA,NA,NA,NA,NA,NA,NA,NA,NA,NA,NA,NA,NA,NA,NA,NA,NA,NA,NA,NA,NA,NA,NA,NA,NA,NA,NA
"103",-10,103,63,226,27.8761061946903,2010,"multi","prek-8","priv",NA,3.15789473684211,NA,"MILLHOPPER MONTESSORI",NA,NA,NA,NA,NA,NA,NA,NA,NA,NA,NA,NA,NA,NA,NA,NA,NA,NA,NA,NA,NA,NA,NA,NA,NA,NA,NA,NA,NA,NA
"104",531,104,296,539,54.9165120593692,2010,"elem","elem","pub",3,51.2345679012346,54.75,"NEWBERRY ELEM.",NA,NA,NA,NA,NA,NA,NA,NA,NA,NA,NA,NA,NA,NA,NA,NA,NA,NA,NA,NA,NA,NA,NA,NA,NA,NA,NA,NA,NA,99
"105",541,105,280,645,43.4108527131783,2010,"elem","elem","pub",2,48.695652173913,57.25,"NORTON ELEM.",NA,NA,NA,NA,NA,NA,NA,NA,NA,NA,NA,NA,NA,NA,NA,NA,NA,NA,NA,NA,NA,NA,NA,NA,NA,NA,NA,NA,NA,99
"106",-11,106,391,823,47.5091130012151,2010,"high","high","priv",NA,10.1809954751131,NA,"OAK HALL",NA,NA,NA,NA,NA,NA,NA,NA,NA,NA,NA,NA,NA,NA,NA,NA,NA,NA,NA,NA,NA,NA,NA,NA,NA,NA,NA,NA,NA,NA
"107",591,107,296,633,46.7614533965245,2010,"mid","mid","pub",1,36.3372093023256,44.71,"OAKVIEW MIDDLE",NA,NA,NA,NA,NA,NA,NA,NA,NA,NA,NA,NA,NA,NA,NA,NA,NA,NA,NA,NA,NA,NA,NA,NA,NA,NA,NA,NA,NA,83
"108",950,108,51,123,41.4634146341463,2010,"elem","elem","priv",NA,63.6363636363636,71.15,"ONE ROOM SCHOOL HOUSE",NA,NA,NA,NA,NA,NA,NA,NA,NA,NA,NA,NA,NA,NA,NA,NA,NA,NA,NA,NA,NA,NA,NA,NA,NA,NA,NA,NA,NA,NA
"109",500,109,31,85,36.4705882352941,2010,"elem","elem","pub",NA,95.2380952380952,100,"PRAIRIE VIEW",NA,NA,NA,NA,NA,NA,NA,NA,NA,NA,NA,NA,NA,NA,NA,NA,NA,NA,NA,NA,NA,NA,NA,NA,NA,NA,NA,NA,NA,100
"110",341,110,157,388,40.4639175257732,2010,"elem","elem","pub",2,86.7647058823529,78.98,"RAWLINGS & FERNSIDE",NA,NA,NA,NA,NA,NA,NA,NA,NA,NA,NA,NA,NA,NA,NA,NA,NA,NA,NA,NA,NA,NA,NA,NA,NA,NA,NA,NA,NA,59
"111",281,111,79,197,40.1015228426396,2010,"elem","elem","pub",NA,75,57.92,"SHELL ELEM.",NA,NA,NA,NA,NA,NA,NA,NA,NA,NA,NA,NA,NA,NA,NA,NA,NA,NA,NA,NA,NA,NA,NA,NA,NA,NA,NA,NA,NA,90
"112",-22,112,16,30,53.3333333333333,2010,"prek","prek","priv",NA,NA,NA,"SPENCER MONTESSORI",NA,NA,NA,NA,NA,NA,NA,NA,NA,NA,NA,NA,NA,NA,NA,NA,NA,NA,NA,NA,NA,NA,NA,NA,NA,NA,NA,NA,NA,NA
"113",-14,113,61,241,25.3112033195021,2010,"high","high","priv",NA,18.4210526315789,NA,"ST. FRANCIS HIGH SCHOOL",NA,NA,NA,NA,NA,NA,NA,NA,NA,NA,NA,NA,NA,NA,NA,NA,NA,NA,NA,NA,NA,NA,NA,NA,NA,NA,NA,NA,NA,NA
"114",41,114,227,462,49.1341991341991,2010,"elem","elem","pub",NA,51.0548523206751,61.35,"STEPHEN FOSTER ELEM.",NA,NA,NA,NA,NA,NA,NA,NA,NA,NA,NA,NA,NA,NA,NA,NA,NA,NA,NA,NA,NA,NA,NA,NA,NA,NA,NA,NA,NA,84
"115",561,115,391,704,55.5397727272727,2010,"elem","elem","pub",2,21.9718309859155,31.99,"TALBOT ELEM.",NA,NA,NA,NA,NA,NA,NA,NA,NA,NA,NA,NA,NA,NA,NA,NA,NA,NA,NA,NA,NA,NA,NA,NA,NA,NA,NA,NA,NA,94
"116",311,116,284,648,43.8271604938272,2010,"elem","elem","pub",2,78.3687943262411,85.21,"TERWILLIGER ELEM.",NA,NA,NA,NA,NA,NA,NA,NA,NA,NA,NA,NA,NA,NA,NA,NA,NA,NA,NA,NA,NA,NA,NA,NA,NA,NA,NA,NA,NA,62
"117",-16,117,51,300,17,2010,"multi","prek-12","priv",NA,29.8969072164948,NA,"THE ROCK",NA,NA,NA,NA,NA,NA,NA,NA,NA,NA,NA,NA,NA,NA,NA,NA,NA,NA,NA,NA,NA,NA,NA,NA,NA,NA,NA,NA,NA,NA
"118",-17,118,23,76,30.2631578947368,2010,"multi","k-12","priv",NA,35,NA,"TRILOGY",NA,NA,NA,NA,NA,NA,NA,NA,NA,NA,NA,NA,NA,NA,NA,NA,NA,NA,NA,NA,NA,NA,NA,NA,NA,NA,NA,NA,NA,NA
"119",291,119,105,197,53.2994923857868,2010,"elem","elem","pub",4,82.1782178217822,85.99,"WALDO ELEM.",NA,NA,NA,NA,NA,NA,NA,NA,NA,NA,NA,NA,NA,NA,NA,NA,NA,NA,NA,NA,NA,NA,NA,NA,NA,NA,NA,NA,NA,73
"120",141,120,245,994,24.6478873239437,2010,"mid","mid","pub",1,43.5164835164835,54.12,"WESTWOOD MIDDLE",NA,NA,NA,NA,NA,NA,NA,NA,NA,NA,NA,NA,NA,NA,NA,NA,NA,NA,NA,NA,NA,NA,NA,NA,NA,NA,NA,NA,NA,81
"121",501,121,374,692,54.0462427745665,2010,"elem","elem","pub",3,38.715953307393,44.32,"WILES ELEM.",NA,NA,NA,NA,NA,NA,NA,NA,NA,NA,NA,NA,NA,NA,NA,NA,NA,NA,NA,NA,NA,NA,NA,NA,NA,NA,NA,NA,NA,88
"122",111,122,200,543,36.8324125230203,2010,"elem","elem","pub",1,53.3333333333333,74.73,"WILLIAMS ELEM.",NA,NA,NA,NA,NA,NA,NA,NA,NA,NA,NA,NA,NA,NA,NA,NA,NA,NA,NA,NA,NA,NA,NA,NA,NA,NA,NA,NA,NA,67
"123",52,123,32,63,50.7936507936508,2011,"elem","elem","pub",4,91.304347826087,80,"A QUINN ELEM.",NA,NA,NA,NA,NA,NA,NA,NA,NA,NA,NA,NA,NA,NA,NA,NA,NA,NA,NA,NA,NA,NA,NA,NA,NA,NA,NA,NA,NA,42
"124",161,124,160,427,37.4707259953162,2011,"elem","elem","pub",4,52.760736196319,64.25,"ALACHUA ELEM.",54.1666666666667,NA,NA,NA,NA,56.4935064935065,58.9928057553957,46.7625899280576,NA,NA,NA,NA,NA,NA,NA,NA,NA,NA,NA,36.3636363636364,38.1294964028777,33.8129496402878,NA,NA,NA,NA,NA,NA,NA,85
"125",1011,125,30,170,17.6470588235294,2011,"multi","k-8","priv",NA,39.0243902439024,NA,"ALACHUA LEARNING CTR",NA,NA,NA,NA,NA,NA,NA,NA,NA,NA,NA,NA,NA,NA,NA,NA,NA,NA,NA,NA,NA,NA,NA,NA,NA,NA,NA,NA,NA,NA
"126",171,126,245,459,53.3769063180828,2011,"elem","elem","pub",4,49.8181818181818,59.43,"ARCHER ELEM.",94.1176470588235,NA,96.078431372549,85.2941176470588,96.4705882352941,97.1014492753623,93.5064935064935,96.551724137931,NA,NA,NA,NA,NA,NA,NA,NA,43.1372549019608,50,55.2941176470588,65.2173913043478,45.4545454545455,55.1724137931034,NA,NA,NA,NA,NA,NA,NA,100
"127",-21,127,4,59,6.77966101694915,2011,"multi","prek-8","priv",NA,NA,NA,"BHAKTIVEDANTA",NA,NA,NA,NA,NA,NA,NA,NA,NA,NA,NA,NA,NA,NA,NA,NA,NA,NA,NA,NA,NA,NA,NA,NA,NA,NA,NA,NA,NA,NA
"128",-2,128,86,183,46.9945355191257,2011,"multi","prek-5","priv",NA,15.7303370786517,NA,"BRENTWOOD SCHOOL",NA,NA,NA,NA,NA,NA,NA,NA,NA,NA,NA,NA,NA,NA,NA,NA,NA,NA,NA,NA,NA,NA,NA,NA,NA,NA,NA,NA,NA,NA
"129",431,129,392,1982,19.7780020181635,2011,"high","high","pub",2,25.5972696245734,27.28,"BUCHHOLZ HIGH",NA,NA,NA,NA,NA,NA,NA,NA,NA,NA,NA,NA,NA,NA,NA,NA,NA,NA,NA,NA,NA,NA,NA,NA,NA,NA,NA,NA,NA,51
"130",953,130,41,176,23.2954545454545,2011,"elem","elem","priv",NA,87.1794871794872,94.3,"CARING & SHARING LEARNING",NA,NA,NA,NA,NA,NA,NA,NA,NA,NA,NA,NA,NA,NA,NA,NA,NA,NA,NA,NA,NA,NA,NA,NA,NA,NA,NA,NA,NA,NA
"131",510,131,323,731,44.1860465116279,2011,"elem","elem","pub",2,21.5568862275449,34.83,"CHILES ELEM.",62.9577464788732,NA,58.59375,57.1428571428571,65.3846153846154,59.8290598290598,66.6666666666667,71.0526315789474,NA,NA,NA,NA,NA,NA,NA,NA,35.9375,41.1764705882353,46.1538461538461,52.1367521367521,43.1372549019608,53.5087719298246,NA,NA,NA,NA,NA,NA,NA,71
"132",-3,132,22,40,55,2011,"multi","k-12","priv",NA,57.1428571428571,NA,"CHRISTIAN LIFE ACADEMY",NA,NA,NA,NA,NA,NA,NA,NA,NA,NA,NA,NA,NA,NA,NA,NA,NA,NA,NA,NA,NA,NA,NA,NA,NA,NA,NA,NA,NA,NA
"133",-4,133,35,149,23.489932885906,2011,"multi","prek-12","priv",NA,20.8333333333333,NA,"COUNTRYSIDE BAPTIST",NA,NA,NA,NA,NA,NA,NA,NA,NA,NA,NA,NA,NA,NA,NA,NA,NA,NA,NA,NA,NA,NA,NA,NA,NA,NA,NA,NA,NA,NA
"134",21,134,168,287,58.5365853658537,2011,"elem","elem","pub",1,87.218045112782,96.6,"DUVAL ELEM.",86.0544217687075,NA,90.9090909090909,85.2272727272727,50,87.719298245614,78.6885245901639,92.8571428571429,NA,NA,NA,NA,NA,NA,NA,NA,47.7272727272727,59.0909090909091,0,63.1578947368421,40.9836065573771,54.7619047619048,NA,NA,NA,NA,NA,NA,NA,74
"135",421,135,236,1299,18.1678214010778,2011,"high","high","pub",2,34.3661971830986,52.69,"EASTSIDE HIGH",18.6991869918699,NA,NA,NA,NA,NA,NA,NA,NA,NA,NA,22.5888324873096,20.6896551724138,16.231884057971,15.1670951156812,NA,NA,NA,NA,NA,NA,NA,NA,NA,NA,18.7817258883249,18.1034482758621,13.9130434782609,13.3676092544987,39
"136",955,136,33,106,31.1320754716981,2011,"multi","2-8","priv",NA,48.8888888888889,51.4,"EINSTEIN MONT",NA,NA,NA,NA,NA,NA,NA,NA,NA,NA,NA,NA,NA,NA,NA,NA,NA,NA,NA,NA,NA,NA,NA,NA,NA,NA,NA,NA,NA,NA
"137",956,137,17,88,19.3181818181818,2011,"elem","elem","priv",NA,23.0769230769231,12.09,"EXPRESSIONS",NA,NA,NA,NA,NA,NA,NA,NA,NA,NA,NA,NA,NA,NA,NA,NA,NA,NA,NA,NA,NA,NA,NA,NA,NA,NA,NA,NA,NA,NA
"138",-5,138,49,234,20.9401709401709,2011,"elem","elem","priv",NA,24.6913580246914,NA,"FIRST CHRISTIAN ACADEMY",NA,NA,NA,NA,NA,NA,NA,NA,NA,NA,NA,NA,NA,NA,NA,NA,NA,NA,NA,NA,NA,NA,NA,NA,NA,NA,NA,NA,NA,NA
"139",-6,139,25,70,35.7142857142857,2011,"elem","elem","priv",NA,58.8235294117647,NA,"FOREST GROVE",NA,NA,NA,NA,NA,NA,NA,NA,NA,NA,NA,NA,NA,NA,NA,NA,NA,NA,NA,NA,NA,NA,NA,NA,NA,NA,NA,NA,NA,NA
"140",481,140,376,876,42.9223744292237,2011,"mid","mid","pub",3,38.7951807228916,42.25,"FT. CLARKE MIDDLE",NA,NA,NA,NA,NA,NA,NA,NA,NA,NA,NA,NA,NA,NA,NA,NA,NA,NA,NA,NA,NA,NA,NA,NA,NA,NA,NA,NA,NA,88
"141",151,141,315,1764,17.8571428571429,2011,"high","high","pub",3,30.4932735426009,42.3,"GAINESVILLE HIGH",21.8265364732912,NA,NA,NA,NA,NA,NA,NA,NA,NA,NA,29.5275590551181,21.7821782178218,15.2671755725191,17.910447761194,NA,NA,NA,NA,NA,NA,NA,NA,NA,NA,22.244094488189,18.2178217821782,14.2493638676845,14.9253731343284,41
"142",958,142,8,67,11.9402985074627,2011,"elem","elem","priv",NA,88.8888888888889,82.35,"GENESIS PREP.",NA,NA,NA,NA,NA,NA,NA,NA,NA,NA,NA,NA,NA,NA,NA,NA,NA,NA,NA,NA,NA,NA,NA,NA,NA,NA,NA,NA,NA,NA
"143",331,143,235,434,54.147465437788,2011,"elem","elem","pub",1,36.7892976588629,45.53,"GLEN SPRINGS ELEM.",96.7365967365967,NA,97.5903614457831,94.2028985507246,97.1830985915493,97.1830985915493,93.5483870967742,100,NA,NA,NA,NA,NA,NA,NA,NA,62.6506024096386,62.3188405797101,61.9718309859155,42.2535211267606,54.8387096774194,50.6849315068493,NA,NA,NA,NA,NA,NA,NA,100
"144",-7,144,132,225,58.6666666666667,2011,"prek","prek","priv",NA,9.52380952380952,NA,"G'VILLE COUNTRY DAY PRE-K 75TH",NA,NA,NA,NA,NA,NA,NA,NA,NA,NA,NA,NA,NA,NA,NA,NA,NA,NA,NA,NA,NA,NA,NA,NA,NA,NA,NA,NA,NA,NA
"145",201,145,43,304,14.1447368421053,2011,"high","high","pub",3,75,79.53,"HAWTHORNE JR./SR. HIGH",NA,NA,NA,NA,NA,NA,NA,NA,NA,NA,NA,NA,NA,NA,NA,NA,NA,NA,NA,NA,NA,NA,NA,NA,NA,NA,NA,NA,NA,76
"146",981,146,38,70,54.2857142857143,2011,"elem","elem","priv",NA,15.3846153846154,26.14,"HEALTHY LEARNING",NA,NA,NA,NA,NA,NA,NA,NA,NA,NA,NA,NA,NA,NA,NA,NA,NA,NA,NA,NA,NA,NA,NA,NA,NA,NA,NA,NA,NA,NA
"147",482,147,478,851,56.1692126909518,2011,"elem","elem","pub",3,20.4761904761905,29.5,"HIDDEN OAK ELEM.",71.3436385255648,NA,80.9160305343512,72.2972972972973,72.5490196078431,71,61.3333333333333,65.6716417910448,NA,NA,NA,NA,NA,NA,NA,NA,58.7786259541985,55.4054054054054,58.8235294117647,55.5,52,56.7164179104478,NA,NA,NA,NA,NA,NA,NA,84
"148",461,148,417,851,49.0011750881316,2011,"elem","elem","pub",3,32.6027397260274,39.86,"HIGH SPRINGS ELEM.",64.2256902761105,NA,73.75,62.1052631578948,67.3469387755102,69.6428571428571,75,72.0430107526882,53.5353535353535,59.2920353982301,48.9583333333333,NA,NA,NA,NA,NA,53.75,46.3157894736842,57.1428571428572,47.3214285714286,63.5416666666667,60.2150537634409,36.3636363636364,46.9026548672566,40.625,NA,NA,NA,NA,72
"149",971,149,16,110,14.5454545454545,2011,"mid","mid","priv",NA,57.5,79.82,"HOGGTOWN MIDDLE",NA,NA,NA,NA,NA,NA,NA,NA,NA,NA,NA,NA,NA,NA,NA,NA,NA,NA,NA,NA,NA,NA,NA,NA,NA,NA,NA,NA,NA,NA
"150",412,150,15,86,17.4418604651163,2011,"high","high","pub",1,75,93.26,"HORIZON CENTER",NA,NA,NA,NA,NA,NA,NA,NA,NA,NA,NA,NA,NA,NA,NA,NA,NA,NA,NA,NA,NA,NA,NA,NA,NA,NA,NA,NA,NA,15
"151",121,151,224,673,33.2838038632987,2011,"mid","mid","pub",2,39.5161290322581,60.03,"HOWARD BISHOP MIDDLE",NA,NA,NA,NA,NA,NA,NA,NA,NA,NA,NA,NA,NA,NA,NA,NA,NA,NA,NA,NA,NA,NA,NA,NA,NA,NA,NA,NA,NA,69
"152",321,152,190,597,31.8257956448911,2011,"elem","elem","pub",3,73.5593220338983,83.18,"IDYLWILD ELEM.",45.575959933222,NA,58.974358974359,55.1020408163265,42.6086956521739,46.5116279069767,34.7826086956522,31.8681318681319,NA,NA,NA,NA,NA,NA,NA,NA,36.7521367521367,31.6326530612245,32.1739130434783,38.3720930232558,23.9130434782609,27.4725274725275,NA,NA,NA,NA,NA,NA,NA,74
"153",571,153,226,519,43.5452793834297,2011,"elem","elem","pub",2,59.5330739299611,65.35,"IRBY ELEM.",69.7826086956522,NA,63.2911392405063,71.9745222929936,74.4827586206897,NA,NA,NA,NA,NA,NA,NA,NA,NA,NA,NA,41.7721518987342,43.9490445859873,46.2068965517241,NA,NA,NA,NA,NA,NA,NA,NA,NA,NA,95
"154",31,154,254,470,54.0425531914894,2011,"elem","elem","pub",1,48.3333333333333,56.25,"JJ FINLEY ELEM.",84.1541755888651,NA,76.3440860215054,92.5531914893617,84.4155844155844,79.6296296296296,81.5384615384615,88.0952380952381,NA,NA,NA,NA,NA,NA,NA,NA,46.2365591397849,57.4468085106383,57.1428571428571,55.5555555555555,47.6923076923077,60.7142857142857,NA,NA,NA,NA,NA,NA,NA,95
"155",-9,155,57,115,49.5652173913044,2011,"multi","prek-8","priv",NA,5.08474576271186,NA,"JORDAN GLENN",NA,NA,NA,NA,NA,NA,NA,NA,NA,NA,NA,NA,NA,NA,NA,NA,NA,NA,NA,NA,NA,NA,NA,NA,NA,NA,NA,NA,NA,NA
"156",502,156,345,916,37.6637554585153,2011,"mid","mid","pub",4,35.8536585365854,45.6,"KANAPAHA MIDDLE",47.2477064220183,NA,NA,NA,NA,NA,NA,NA,53.525641025641,45.8333333333333,41.5441176470588,NA,NA,NA,NA,NA,NA,NA,NA,NA,NA,NA,38.7820512820513,37.1527777777778,36.0294117647059,NA,NA,NA,NA,65
"157",71,157,129,352,36.6477272727273,2011,"elem","elem","pub",4,88.4615384615385,96,"LAKE FOREST ELEM.",64.1104294478528,NA,61.5384615384615,60.7142857142857,76.0869565217391,67.8571428571429,59.6491228070175,61.0169491525424,NA,NA,NA,NA,NA,NA,NA,NA,36.5384615384616,37.5,52.1739130434782,33.9285714285715,42.1052631578947,32.2033898305085,NA,NA,NA,NA,NA,NA,NA,74
"158",112,158,231,684,33.7719298245614,2011,"mid","mid","pub",2,35.2941176470588,53.76,"LINCOLN MIDDLE",44.6428571428571,NA,NA,NA,NA,NA,NA,NA,49.5238095238095,44.8132780082987,39.8190045248869,NA,NA,NA,NA,NA,NA,NA,NA,NA,NA,NA,38.0952380952381,33.6099585062241,32.1266968325792,NA,NA,NA,NA,62
"159",91,159,288,707,40.7355021216407,2011,"elem","elem","pub",3,78.8461538461538,59.55,"LITTLEWOOD ELEM.",57.5485799701046,NA,50.9803921568628,55.9440559440559,57.5221238938053,64.7727272727273,60.1694915254237,57.1428571428571,NA,NA,NA,NA,NA,NA,NA,NA,38.2352941176471,41.958041958042,36.283185840708,50,43.2203389830509,35.2380952380952,NA,NA,NA,NA,NA,NA,NA,77
"160",411,160,43,240,17.9166666666667,2011,"high","high","pub",1,39.6551724137931,65.32,"LOFTEN HIGH",NA,NA,NA,NA,NA,NA,NA,NA,NA,NA,NA,NA,NA,NA,NA,NA,NA,NA,NA,NA,NA,NA,NA,NA,NA,NA,NA,NA,NA,57
"161",221,161,132,422,31.2796208530806,2011,"mid","mid","pub",4,51.7730496453901,62.67,"MEBANE MIDDLE",37.8896882494005,NA,NA,NA,NA,NA,NA,NA,48.4375,39.8648648648649,26.2411347517731,NA,NA,NA,NA,NA,NA,NA,NA,NA,NA,NA,35.9375,31.7567567567568,17.7304964539007,NA,NA,NA,NA,75
"162",101,162,136,473,28.7526427061311,2011,"elem","elem","pub",4,80.5970149253731,94.84,"METCALFE ELEM.",54.5714285714286,NA,70.5882352941177,35.8490566037736,38.3333333333333,48,55.5555555555556,72.9166666666667,NA,NA,NA,NA,NA,NA,NA,NA,40,11.3207547169811,21.6666666666667,18,20.3703703703703,39.5833333333333,NA,NA,NA,NA,NA,NA,NA,54
"163",951,163,85,124,68.5483870967742,2011,"elem","elem","priv",NA,54.6666666666667,NA,"MICANOPY AREA CO-OP",NA,NA,NA,NA,NA,NA,NA,NA,NA,NA,NA,NA,NA,NA,NA,NA,NA,NA,NA,NA,NA,NA,NA,NA,NA,NA,NA,NA,NA,NA
"164",961,164,10,64,15.625,2011,"mid","mid","priv",NA,55.5555555555556,65.57,"MICANOPY MIDDLE SCHOOL",NA,NA,NA,NA,NA,NA,NA,NA,NA,NA,NA,NA,NA,NA,NA,NA,NA,NA,NA,NA,NA,NA,NA,NA,NA,NA,NA,NA,NA,NA
"165",-10,165,69,226,30.5309734513274,2011,"multi","prek-8","priv",NA,3.15789473684211,NA,"MILLHOPPER MONTESSORI",NA,NA,NA,NA,NA,NA,NA,NA,NA,NA,NA,NA,NA,NA,NA,NA,NA,NA,NA,NA,NA,NA,NA,NA,NA,NA,NA,NA,NA,NA
"166",531,166,295,511,57.7299412915851,2011,"elem","elem","pub",3,51.2345679012346,54.75,"NEWBERRY ELEM.",NA,NA,NA,NA,NA,NA,NA,NA,NA,NA,NA,NA,NA,NA,NA,NA,NA,NA,NA,NA,NA,NA,NA,NA,NA,NA,NA,NA,NA,99
"167",261,167,122,568,21.4788732394366,2011,"high","high","pub",3,42.2885572139303,44.25,"NEWBERRY HIGH",95.3379953379953,NA,96.4705882352941,95.049504950495,92.3076923076923,95.2941176470588,96.7741935483871,NA,NA,NA,NA,NA,NA,NA,NA,NA,54.1176470588235,61.3861386138614,61.5384615384615,51.7647058823529,56.9892473118279,NA,NA,NA,NA,NA,NA,NA,NA,65
"168",541,168,293,615,47.6422764227642,2011,"elem","elem","pub",2,48.695652173913,57.25,"NORTON ELEM.",73.2656514382403,NA,73.6363636363636,81.8181818181818,74.4897959183673,51.1904761904762,87.0967741935484,67.7083333333333,NA,NA,NA,NA,NA,NA,NA,NA,39.0909090909091,46.3636363636364,53.0612244897959,26.1904761904762,50.5376344086022,48.9583333333333,NA,NA,NA,NA,NA,NA,NA,99
"169",-11,169,397,823,48.2381530984204,2011,"high","high","priv",NA,10.1809954751131,NA,"OAK HALL",NA,NA,NA,NA,NA,NA,NA,NA,NA,NA,NA,NA,NA,NA,NA,NA,NA,NA,NA,NA,NA,NA,NA,NA,NA,NA,NA,NA,NA,NA
"170",591,170,263,635,41.4173228346457,2011,"mid","mid","pub",1,36.3372093023256,44.71,"OAKVIEW MIDDLE",64.5320197044335,NA,NA,NA,NA,NA,NA,87.0967741935484,64.9484536082474,65.4761904761905,49.3506493506493,NA,NA,NA,NA,NA,NA,NA,NA,NA,NA,65.5913978494624,46.9072164948454,42.2619047619048,43.5064935064935,NA,NA,NA,NA,83
"171",950,171,52,161,32.2981366459627,2011,"elem","elem","priv",NA,63.6363636363636,71.15,"ONE ROOM SCHOOL HOUSE",NA,NA,NA,NA,NA,NA,NA,NA,NA,NA,NA,NA,NA,NA,NA,NA,NA,NA,NA,NA,NA,NA,NA,NA,NA,NA,NA,NA,NA,NA
"172",391,172,104,1146,9.07504363001745,2011,"multi","k-12","pub",NA,20.2572347266881,NA,"PK YONGE",NA,NA,NA,NA,NA,NA,NA,NA,NA,NA,NA,NA,NA,NA,NA,NA,NA,NA,NA,NA,NA,NA,NA,NA,NA,NA,NA,NA,NA,NA
"173",500,173,34,83,40.9638554216867,2011,"elem","elem","pub",NA,95.2380952380952,100,"PRAIRIE VIEW",NA,NA,NA,NA,NA,NA,NA,NA,NA,NA,NA,NA,NA,NA,NA,NA,NA,NA,NA,NA,NA,NA,NA,NA,NA,NA,NA,NA,NA,100
"174",341,174,145,365,39.7260273972603,2011,"elem","elem","pub",2,86.7647058823529,78.98,"RAWLINGS & FERNSIDE",74.6428571428571,NA,58.3333333333334,73.7704918032787,76.4705882352941,75.5102040816327,89.1304347826087,70.2702702702703,NA,NA,NA,NA,NA,NA,NA,NA,30.5555555555556,47.5409836065574,39.2156862745098,34.6938775510204,39.1304347826087,45.945945945946,NA,NA,NA,NA,NA,NA,NA,59
"175",271,175,90,1005,8.95522388059701,2011,"high","high","pub",1,36.2989323843416,25.67,"SANTE FE HIGH",11.010101010101,NA,NA,NA,NA,NA,NA,NA,NA,NA,NA,21.9178082191781,2.87769784172662,9.33333333333333,8.20512820512821,NA,NA,NA,NA,NA,NA,NA,NA,NA,NA,18.8356164383562,1.07913669064748,8.44444444444444,6.15384615384616,72
"176",281,176,94,205,45.8536585365854,2011,"elem","elem","pub",NA,75,57.92,"SHELL ELEM.",79.8913043478261,NA,90.9090909090909,83.3333333333333,65.3846153846154,75,80,80,NA,NA,NA,NA,NA,NA,NA,NA,48.4848484848485,61.1111111111111,38.4615384615385,33.3333333333333,54.2857142857143,33.3333333333333,NA,NA,NA,NA,NA,NA,NA,90
"177",-22,177,13,30,43.3333333333333,2011,"prek","prek","priv",NA,NA,NA,"SPENCER MONTESSORI",NA,NA,NA,NA,NA,NA,NA,NA,NA,NA,NA,NA,NA,NA,NA,NA,NA,NA,NA,NA,NA,NA,NA,NA,NA,NA,NA,NA,NA,NA
"178",-14,178,70,241,29.045643153527,2011,"high","high","priv",NA,18.4210526315789,NA,"ST. FRANCIS HIGH SCHOOL",NA,NA,NA,NA,NA,NA,NA,NA,NA,NA,NA,NA,NA,NA,NA,NA,NA,NA,NA,NA,NA,NA,NA,NA,NA,NA,NA,NA,NA,NA
"179",41,179,215,455,47.2527472527473,2011,"elem","elem","pub",NA,51.0548523206751,61.35,"STEPHEN FOSTER ELEM.",NA,NA,NA,NA,NA,NA,NA,NA,NA,NA,NA,NA,NA,NA,NA,NA,NA,NA,NA,NA,NA,NA,NA,NA,NA,NA,NA,NA,NA,84
"180",-19,180,92,291,31.6151202749141,2011,"elem","elem","priv",NA,NA,NA,"SWEETWATER BRANCH",NA,NA,NA,NA,NA,NA,NA,NA,NA,NA,NA,NA,NA,NA,NA,NA,NA,NA,NA,NA,NA,NA,NA,NA,NA,NA,NA,NA,NA,NA
"181",561,181,357,712,50.1404494382023,2011,"elem","elem","pub",2,21.9718309859155,31.99,"TALBOT ELEM.",61.9970193740686,NA,64.7619047619048,63.5036496350365,61.9047619047619,61.9047619047619,63.7254901960784,56.4102564102564,NA,NA,NA,NA,NA,NA,NA,NA,50.4761904761905,43.0656934306569,52.3809523809524,55.5555555555556,51.9607843137255,49.5726495726496,NA,NA,NA,NA,NA,NA,NA,94
"182",311,182,289,684,42.2514619883041,2011,"elem","elem","pub",2,78.3687943262411,85.21,"TERWILLIGER ELEM.",56.8457538994801,NA,50.9090909090909,60.655737704918,69.6078431372549,60.4938271604939,47.5609756097561,48.75,NA,NA,NA,NA,NA,NA,NA,NA,34.5454545454545,38.5245901639344,52.9411764705882,38.2716049382716,46.3414634146342,33.75,NA,NA,NA,NA,NA,NA,NA,62
"183",-16,183,54,300,18,2011,"multi","prek-12","priv",NA,29.8969072164948,NA,"THE ROCK",NA,NA,NA,NA,NA,NA,NA,NA,NA,NA,NA,NA,NA,NA,NA,NA,NA,NA,NA,NA,NA,NA,NA,NA,NA,NA,NA,NA,NA,NA
"184",291,184,91,214,42.5233644859813,2011,"elem","elem","pub",4,82.1782178217822,85.99,"WALDO ELEM.",66.3316582914573,NA,61.1111111111111,63.1578947368421,62.962962962963,60,84.8484848484848,65.7142857142857,NA,NA,NA,NA,NA,NA,NA,NA,33.3333333333334,34.2105263157895,33.3333333333334,36.6666666666666,57.5757575757576,45.7142857142857,NA,NA,NA,NA,NA,NA,NA,73
"185",-23,185,38,160,23.75,2011,"prek","prek","priv",NA,NA,NA,"WESTWOOD HILLS",NA,NA,NA,NA,NA,NA,NA,NA,NA,NA,NA,NA,NA,NA,NA,NA,NA,NA,NA,NA,NA,NA,NA,NA,NA,NA,NA,NA,NA,NA
"186",141,186,323,1033,31.2681510164569,2011,"mid","mid","pub",1,43.5164835164835,54.12,"WESTWOOD MIDDLE",43.5440783615316,NA,NA,NA,NA,NA,NA,NA,56.9767441860465,43.013698630137,32.8502415458937,NA,NA,NA,NA,NA,NA,NA,NA,NA,NA,NA,33.1395348837209,29.5890410958904,21.4975845410628,NA,NA,NA,NA,81
"187",501.1,187,28,70,40,2011,"prek","prek","pub",3,NA,NA,"WILES HEADSTART",NA,NA,NA,NA,NA,NA,NA,NA,NA,NA,NA,NA,NA,NA,NA,NA,NA,NA,NA,NA,NA,NA,NA,NA,NA,NA,NA,NA,NA,NA
"188",501,188,394,747,52.7443105756359,2011,"elem","elem","pub",3,38.715953307393,44.32,"WILES ELEM.",75.9890859481582,NA,82.1917808219178,81.4814814814815,76.0683760683761,71.3178294573643,67.0454545454545,73.728813559322,NA,NA,NA,NA,NA,NA,NA,NA,41.7808219178082,57.037037037037,60.6837606837607,50.3875968992248,43.1818181818182,59.3220338983051,NA,NA,NA,NA,NA,NA,NA,88
"189",111,189,112,493,22.7180527383367,2011,"elem","elem","pub",1,53.3333333333333,74.73,"WILLIAMS ELEM.",39.7590361445783,NA,32.2033898305084,38.9830508474576,46.2365591397849,39.4230769230769,70.3703703703704,14.7058823529412,NA,NA,NA,NA,NA,NA,NA,NA,13.5593220338983,23.728813559322,32.258064516129,25.9615384615385,41.9753086419753,0,NA,NA,NA,NA,NA,NA,NA,67
"190",52,190,28,64,43.75,2012,"elem","elem","pub",4,91.304347826087,80,"A QUINN ELEM.",NA,NA,NA,NA,NA,NA,NA,NA,NA,NA,NA,NA,NA,NA,NA,NA,NA,NA,NA,NA,NA,NA,NA,NA,NA,NA,NA,NA,NA,42
"191",161,191,160,376,42.5531914893617,2012,"elem","elem","pub",4,52.760736196319,64.25,"ALACHUA ELEM.",66.0526315789474,NA,NA,NA,NA,74.6153846153846,55.46875,68.0327868852459,NA,NA,NA,NA,NA,NA,NA,NA,NA,NA,NA,42.3076923076923,40.625,45.9016393442623,NA,NA,NA,NA,NA,NA,NA,85
"192",1011,192,37,160,23.125,2012,"multi","k-8","priv",NA,39.0243902439024,NA,"ALACHUA LEARNING CTR",NA,NA,NA,NA,NA,NA,NA,NA,NA,NA,NA,NA,NA,NA,NA,NA,NA,NA,NA,NA,NA,NA,NA,NA,NA,NA,NA,NA,NA,NA
"193",171,193,270,459,58.8235294117647,2012,"elem","elem","pub",4,49.8181818181818,59.43,"ARCHER ELEM.",98.9247311827957,NA,98.6486486486486,98.3606557377049,98.6666666666667,98.019801980198,100,100,NA,NA,NA,NA,NA,NA,NA,NA,52.7027027027027,50.8196721311475,49.3333333333333,62.3762376237624,64.4736842105263,50,NA,NA,NA,NA,NA,NA,NA,100
"194",-1,194,14,65,21.5384615384615,2012,"prek","prek","priv",NA,12.5,NA,"B'NAI ISRAEL",NA,NA,NA,NA,NA,NA,NA,NA,NA,NA,NA,NA,NA,NA,NA,NA,NA,NA,NA,NA,NA,NA,NA,NA,NA,NA,NA,NA,NA,NA
"195",-2,195,95,190,50,2012,"multi","prek-5","priv",NA,15.7303370786517,NA,"BRENTWOOD SCHOOL",NA,NA,NA,NA,NA,NA,NA,NA,NA,NA,NA,NA,NA,NA,NA,NA,NA,NA,NA,NA,NA,NA,NA,NA,NA,NA,NA,NA,NA,NA
"196",431,196,580,1987,29.1897332662305,2012,"high","high","pub",2,25.5972696245734,27.28,"BUCHHOLZ HIGH",45.0148075024679,NA,NA,NA,NA,NA,NA,NA,NA,NA,23.0769230769231,50.1742160278746,44.8717948717949,46.972860125261,36.4734299516908,NA,NA,NA,NA,NA,NA,NA,NA,NA,15.3846153846154,35.5400696864112,29.4871794871795,28.1837160751566,18.5990338164251,51
"197",953,197,33,165,20,2012,"elem","elem","priv",NA,87.1794871794872,94.3,"CARING & SHARING LEARNING",NA,NA,NA,NA,NA,NA,NA,NA,NA,NA,NA,NA,NA,NA,NA,NA,NA,NA,NA,NA,NA,NA,NA,NA,NA,NA,NA,NA,NA,NA
"198",510,198,321,616,52.1103896103896,2012,"elem","elem","pub",2,21.5568862275449,34.83,"CHILES ELEM.",65.2665589660743,NA,55.0847457627119,64.7058823529412,64.0449438202247,69.5238095238095,70.8333333333334,69.5652173913043,NA,NA,NA,NA,NA,NA,NA,NA,39.8305084745763,50.4201680672269,56.1797752808989,56.1904761904762,56.25,53.2608695652174,NA,NA,NA,NA,NA,NA,NA,71
"199",-3,199,13,42,30.952380952381,2012,"multi","k-12","priv",NA,57.1428571428571,NA,"CHRISTIAN LIFE ACADEMY",NA,NA,NA,NA,NA,NA,NA,NA,NA,NA,NA,NA,NA,NA,NA,NA,NA,NA,NA,NA,NA,NA,NA,NA,NA,NA,NA,NA,NA,NA
"200",-4,200,50,125,40,2012,"multi","prek-12","priv",NA,20.8333333333333,NA,"COUNTRYSIDE BAPTIST",NA,NA,NA,NA,NA,NA,NA,NA,NA,NA,NA,NA,NA,NA,NA,NA,NA,NA,NA,NA,NA,NA,NA,NA,NA,NA,NA,NA,NA,NA
"201",21,201,153,309,49.5145631067961,2012,"elem","elem","pub",1,87.218045112782,96.6,"DUVAL ELEM.",86.046511627907,NA,85.7142857142857,82.6923076923077,80.6451612903226,85.4545454545455,89.4736842105263,90,NA,NA,NA,NA,NA,NA,NA,NA,57.1428571428572,44.2307692307692,35.4838709677419,60,43.859649122807,54,NA,NA,NA,NA,NA,NA,NA,74
"202",421,202,275,1266,21.7219589257504,2012,"high","high","pub",2,34.3661971830986,52.69,"EASTSIDE HIGH",21.3876511775939,NA,NA,NA,NA,NA,NA,NA,NA,NA,NA,25.1599147121535,22.9551451187335,21.0843373493976,15.6010230179028,NA,NA,NA,NA,NA,NA,NA,NA,NA,NA,19.4029850746269,17.9419525065963,19.2771084337349,12.7877237851662,39
"203",955,203,39,106,36.7924528301887,2012,"multi","2-8","priv",NA,48.8888888888889,51.4,"EINSTEIN MONT",NA,NA,NA,NA,NA,NA,NA,NA,NA,NA,NA,NA,NA,NA,NA,NA,NA,NA,NA,NA,NA,NA,NA,NA,NA,NA,NA,NA,NA,NA
"204",956,204,12,20,60,2012,"elem","elem","priv",NA,23.0769230769231,12.09,"EXPRESSIONS",NA,NA,NA,NA,NA,NA,NA,NA,NA,NA,NA,NA,NA,NA,NA,NA,NA,NA,NA,NA,NA,NA,NA,NA,NA,NA,NA,NA,NA,NA
"205",-5,205,70,227,30.8370044052863,2012,"elem","elem","priv",NA,24.6913580246914,NA,"FIRST CHRISTIAN ACADEMY",NA,NA,NA,NA,NA,NA,NA,NA,NA,NA,NA,NA,NA,NA,NA,NA,NA,NA,NA,NA,NA,NA,NA,NA,NA,NA,NA,NA,NA,NA
"206",-6,206,33,112,29.4642857142857,2012,"elem","elem","priv",NA,58.8235294117647,NA,"FOREST GROVE",NA,NA,NA,NA,NA,NA,NA,NA,NA,NA,NA,NA,NA,NA,NA,NA,NA,NA,NA,NA,NA,NA,NA,NA,NA,NA,NA,NA,NA,NA
"207",481,207,394,822,47.9318734793187,2012,"mid","mid","pub",3,38.7951807228916,42.25,"FT. CLARKE MIDDLE",72.5845410628019,NA,NA,NA,NA,NA,NA,NA,76.9230769230769,72.5490196078431,68.3206106870229,NA,NA,NA,NA,NA,NA,NA,NA,NA,NA,NA,51.5384615384615,47.7124183006536,43.1297709923664,NA,NA,NA,NA,88
"208",151,208,323,1815,17.7961432506887,2012,"high","high","pub",3,30.4932735426009,42.3,"GAINESVILLE HIGH",31.9514661274014,NA,NA,NA,NA,NA,NA,NA,NA,NA,NA,37.1794871794872,32.3024054982818,21.8085106382979,30,NA,NA,NA,NA,NA,NA,NA,NA,NA,NA,22.5641025641026,21.6494845360825,11.7021276595745,20,41
"209",958,209,9,72,12.5,2012,"elem","elem","priv",NA,88.8888888888889,82.35,"GENESIS PREP.",NA,NA,NA,NA,NA,NA,NA,NA,NA,NA,NA,NA,NA,NA,NA,NA,NA,NA,NA,NA,NA,NA,NA,NA,NA,NA,NA,NA,NA,NA
"210",331,210,262,439,59.6810933940774,2012,"elem","elem","pub",1,36.7892976588629,45.53,"GLEN SPRINGS ELEM.",97.6744186046512,NA,100,98.7654320987654,93.2203389830508,95.4545454545455,97.0149253731343,100,NA,NA,NA,NA,NA,NA,NA,NA,61.7021276595745,65.4320987654321,62.7118644067797,62.1212121212121,53.7313432835821,65.0793650793651,NA,NA,NA,NA,NA,NA,NA,100
"211",-7,211,106,250,42.4,2012,"prek","prek","priv",NA,9.52380952380952,NA,"G'VILLE COUNTRY DAY PRE-K 75TH",NA,NA,NA,NA,NA,NA,NA,NA,NA,NA,NA,NA,NA,NA,NA,NA,NA,NA,NA,NA,NA,NA,NA,NA,NA,NA,NA,NA,NA,NA
"212",201,212,57,303,18.8118811881188,2012,"high","high","pub",3,75,79.53,"HAWTHORNE JR./SR. HIGH",42.7631578947369,NA,NA,NA,NA,NA,NA,NA,75,59.0909090909091,23.0769230769231,21.2765957446809,55.7692307692308,22.5806451612903,30.2325581395349,NA,NA,NA,NA,NA,NA,NA,33.3333333333333,31.8181818181818,10.2564102564103,8.51063829787234,25,6.45161290322581,11.6279069767442,76
"213",981,213,48,85,56.4705882352941,2012,"elem","elem","priv",NA,15.3846153846154,26.14,"HEALTHY LEARNING",NA,NA,NA,NA,NA,NA,NA,NA,NA,NA,NA,NA,NA,NA,NA,NA,NA,NA,NA,NA,NA,NA,NA,NA,NA,NA,NA,NA,NA,NA
"214",482,214,403,706,57.0821529745043,2012,"elem","elem","pub",3,20.4761904761905,29.5,"HIDDEN OAK ELEM.",78.8005578800558,100,82.4561403508772,84.6153846153846,84.1269841269841,80.9917355371901,69.7247706422018,65.7657657657658,NA,NA,NA,NA,NA,NA,NA,36.8421052631579,55.2631578947368,58.1196581196581,61.9047619047619,58.6776859504132,54.1284403669725,51.3513513513513,NA,NA,NA,NA,NA,NA,NA,84
"215",461,215,417,837,49.8207885304659,2012,"elem","elem","pub",3,32.6027397260274,39.86,"HIGH SPRINGS ELEM.",60.2977667493797,NA,77.9220779220779,78.8732394366197,70,62.8205128205128,58.6956521739131,56.3380281690141,78.6666666666667,38.6138613861386,43.7086092715232,NA,NA,NA,NA,NA,53.2467532467532,59.1549295774648,57.7777777777778,51.2820512820513,44.5652173913044,47.887323943662,60,30.6930693069307,37.7483443708609,NA,NA,NA,NA,72
"216",971,216,39,105,37.1428571428571,2012,"mid","mid","priv",NA,57.5,79.82,"HOGGTOWN MIDDLE",NA,NA,NA,NA,NA,NA,NA,NA,NA,NA,NA,NA,NA,NA,NA,NA,NA,NA,NA,NA,NA,NA,NA,NA,NA,NA,NA,NA,NA,NA
"217",412,217,14,101,13.8613861386139,2012,"high","high","pub",1,75,93.26,"HORIZON CENTER",NA,NA,NA,NA,NA,NA,NA,NA,NA,NA,NA,NA,NA,NA,NA,NA,NA,NA,NA,NA,NA,NA,NA,NA,NA,NA,NA,NA,NA,15
"218",121,218,237,694,34.149855907781,2012,"mid","mid","pub",2,39.5161290322581,60.03,"HOWARD BISHOP MIDDLE",50.8124076809454,NA,NA,NA,NA,NA,NA,NA,65.2360515021459,45.1923076923077,41.5254237288136,NA,NA,NA,NA,NA,NA,NA,NA,NA,NA,NA,42.0600858369099,35.5769230769231,27.5423728813559,NA,NA,NA,NA,69
"219",321,219,221,645,34.2635658914729,2012,"elem","elem","pub",3,73.5593220338983,83.18,"IDYLWILD ELEM.",50.6912442396313,NA,47.972972972973,42.8571428571429,59.6774193548387,57.1428571428572,55.6962025316456,41.2371134020619,NA,NA,NA,NA,NA,NA,NA,NA,33.1081081081081,28.5714285714286,33.8709677419355,40.8163265306123,44.3037974683544,25.7731958762886,NA,NA,NA,NA,NA,NA,NA,74
"220",571,220,240,450,53.3333333333333,2012,"elem","elem","pub",2,59.5330739299611,65.35,"IRBY ELEM.",89.7058823529412,93.5483870967742,92.156862745098,83.4645669291339,91.044776119403,NA,NA,NA,NA,NA,NA,NA,NA,NA,NA,33.8709677419355,49.0196078431372,48.0314960629921,52.9850746268657,NA,NA,NA,NA,NA,NA,NA,NA,NA,NA,95
"221",31,221,306,548,55.8394160583942,2012,"elem","elem","pub",1,48.3333333333333,56.25,"JJ FINLEY ELEM.",93.4990439770555,NA,92.1259842519685,94.1176470588235,94.7916666666667,92.7710843373494,95.4545454545455,92.9577464788732,NA,NA,NA,NA,NA,NA,NA,NA,54.3307086614173,50,58.3333333333333,55.4216867469879,61.3636363636363,59.1549295774648,NA,NA,NA,NA,NA,NA,NA,95
"222",-9,222,49,115,42.6086956521739,2012,"multi","prek-8","priv",NA,5.08474576271186,NA,"JORDAN GLENN",NA,NA,NA,NA,NA,NA,NA,NA,NA,NA,NA,NA,NA,NA,NA,NA,NA,NA,NA,NA,NA,NA,NA,NA,NA,NA,NA,NA,NA,NA
"223",502,223,380,969,39.2156862745098,2012,"mid","mid","pub",4,35.8536585365854,45.6,"KANAPAHA MIDDLE",50.8196721311475,NA,NA,NA,NA,NA,NA,NA,60.5341246290801,52.5157232704402,38.9408099688474,NA,NA,NA,NA,NA,NA,NA,NA,NA,NA,NA,45.1038575667656,38.3647798742138,32.0872274143302,NA,NA,NA,NA,65
"224",71,224,118,311,37.9421221864952,2012,"elem","elem","pub",4,88.4615384615385,96,"LAKE FOREST ELEM.",68.1318681318681,NA,64.5833333333333,58.4905660377358,76.6666666666667,63.4615384615385,80,71.1111111111111,NA,NA,NA,NA,NA,NA,NA,NA,39.5833333333334,28.3018867924528,50,38.4615384615385,40,35.5555555555556,NA,NA,NA,NA,NA,NA,NA,74
"225",112,225,252,694,36.3112391930836,2012,"mid","mid","pub",2,35.2941176470588,53.76,"LINCOLN MIDDLE",48.9177489177489,NA,NA,NA,NA,NA,NA,NA,49.5726495726496,48.8888888888889,48.2905982905983,NA,NA,NA,NA,NA,NA,NA,NA,NA,NA,NA,36.3247863247863,38.6666666666667,33.3333333333333,NA,NA,NA,NA,62
"226",91,226,293,606,48.3498349834984,2012,"elem","elem","pub",3,78.8461538461538,59.55,"LITTLEWOOD ELEM.",69.5852534562212,65,72.2222222222222,70.3703703703704,68.6274509803922,61.3636363636364,71.830985915493,75.9259259259259,NA,NA,NA,NA,NA,NA,NA,35,55.5555555555555,44.4444444444444,52.9411764705883,45.4545454545455,49.2957746478873,53.7037037037037,NA,NA,NA,NA,NA,NA,NA,77
"227",411,227,46,206,22.3300970873786,2012,"high","high","pub",1,39.6551724137931,65.32,"LOFTEN HIGH",NA,NA,NA,NA,NA,NA,NA,NA,NA,NA,NA,NA,NA,NA,NA,NA,NA,NA,NA,NA,NA,NA,NA,NA,NA,NA,NA,NA,NA,57
"228",520,228,314,577,54.419410745234,2012,"elem","elem","pub",1,30.9002433090024,38.27,"MEADOWBROOK ELEM.",89.5652173913043,80,90.8256880733945,88.235294117647,89.6907216494845,88.7755102040816,92,88.135593220339,NA,NA,NA,NA,NA,NA,NA,40,47.7064220183486,56.8627450980392,54.639175257732,60.2040816326531,56,50.8474576271186,NA,NA,NA,NA,NA,NA,NA,93
"229",221,229,162,382,42.4083769633508,2012,"mid","mid","pub",4,51.7730496453901,62.67,"MEBANE MIDDLE",66.9211195928753,NA,NA,NA,NA,NA,NA,NA,65.7534246575343,73.6363636363636,62.7737226277372,NA,NA,NA,NA,NA,NA,NA,NA,NA,NA,NA,35.6164383561644,46.3636363636364,36.4963503649635,NA,NA,NA,NA,75
"230",101,230,97,309,31.3915857605178,2012,"elem","elem","pub",4,80.5970149253731,94.84,"METCALFE ELEM.",33.3333333333333,NA,33.3333333333333,NA,NA,NA,NA,NA,NA,NA,NA,NA,NA,NA,NA,NA,27.7777777777778,NA,NA,NA,NA,NA,NA,NA,NA,NA,NA,NA,NA,54
"231",951,231,63,122,51.6393442622951,2012,"elem","elem","priv",NA,54.6666666666667,NA,"MICANOPY AREA CO-OP",NA,NA,NA,NA,NA,NA,NA,NA,NA,NA,NA,NA,NA,NA,NA,NA,NA,NA,NA,NA,NA,NA,NA,NA,NA,NA,NA,NA,NA,NA
"232",961,232,17,66,25.7575757575758,2012,"mid","mid","priv",NA,55.5555555555556,65.57,"MICANOPY MIDDLE SCHOOL",NA,NA,NA,NA,NA,NA,NA,NA,NA,NA,NA,NA,NA,NA,NA,NA,NA,NA,NA,NA,NA,NA,NA,NA,NA,NA,NA,NA,NA,NA
"233",-10,233,80,235,34.0425531914894,2012,"multi","prek-8","priv",NA,3.15789473684211,NA,"MILLHOPPER MONTESSORI",NA,NA,NA,NA,NA,NA,NA,NA,NA,NA,NA,NA,NA,NA,NA,NA,NA,NA,NA,NA,NA,NA,NA,NA,NA,NA,NA,NA,NA,NA
"234",531,234,290,486,59.6707818930041,2012,"elem","elem","pub",3,51.2345679012346,54.75,"NEWBERRY ELEM.",NA,NA,NA,NA,NA,NA,NA,NA,NA,NA,NA,NA,NA,NA,NA,NA,NA,NA,NA,NA,NA,NA,NA,NA,NA,NA,NA,NA,NA,99
"235",261,235,195,561,34.7593582887701,2012,"high","high","pub",3,42.2885572139303,44.25,"NEWBERRY HIGH",72.2326454033771,82.6086956521739,92.1052631578947,96.7032967032967,97.029702970297,98.75,98.8505747126437,NA,NA,NA,NA,70.1219512195122,54.0697674418605,42.9577464788732,28.2608695652174,39.1304347826087,60.5263157894737,59.3406593406594,63.3663366336634,57.5,56.3218390804598,NA,NA,NA,NA,46.3414634146341,31.3953488372093,31.6901408450704,15.2173913043478,65
"236",541,236,315,603,52.2388059701492,2012,"elem","elem","pub",2,48.695652173913,57.25,"NORTON ELEM.",98.0842911877395,100,99.0384615384615,94.7368421052632,99.0196078431373,97.9166666666667,100,100,NA,NA,NA,NA,NA,NA,NA,50,46.1538461538462,53.5087719298246,55.8823529411765,56.25,65.9090909090909,55.5555555555556,NA,NA,NA,NA,NA,NA,NA,99
"237",-11,237,420,826,50.8474576271186,2012,"high","high","priv",NA,10.1809954751131,NA,"OAK HALL",NA,NA,NA,NA,NA,NA,NA,NA,NA,NA,NA,NA,NA,NA,NA,NA,NA,NA,NA,NA,NA,NA,NA,NA,NA,NA,NA,NA,NA,NA
"238",591,238,282,659,42.7921092564492,2012,"mid","mid","pub",1,36.3372093023256,44.71,"OAKVIEW MIDDLE",60.9090909090909,NA,NA,NA,NA,NA,NA,67.910447761194,73.6559139784946,52.2613065326633,49.645390070922,NA,NA,NA,NA,NA,NA,NA,NA,NA,NA,42.5373134328358,54.3010752688172,36.6834170854271,26.9503546099291,NA,NA,NA,NA,83
"239",950,239,69,172,40.1162790697674,2012,"elem","elem","priv",NA,63.6363636363636,71.15,"ONE ROOM SCHOOL HOUSE",NA,NA,NA,NA,NA,NA,NA,NA,NA,NA,NA,NA,NA,NA,NA,NA,NA,NA,NA,NA,NA,NA,NA,NA,NA,NA,NA,NA,NA,NA
"240",391,240,335,1150,29.1304347826087,2012,"multi","k-12","pub",NA,20.2572347266881,NA,"PK YONGE",NA,NA,NA,NA,NA,NA,NA,NA,NA,NA,NA,NA,NA,NA,NA,NA,NA,NA,NA,NA,NA,NA,NA,NA,NA,NA,NA,NA,NA,NA
"241",500,241,27,87,31.0344827586207,2012,"elem","elem","pub",NA,95.2380952380952,100,"PRAIRIE VIEW",NA,NA,NA,NA,NA,NA,NA,NA,NA,NA,NA,NA,NA,NA,NA,NA,NA,NA,NA,NA,NA,NA,NA,NA,NA,NA,NA,NA,NA,100
"242",341,242,96,295,32.5423728813559,2012,"elem","elem","pub",2,86.7647058823529,78.98,"RAWLINGS & FERNSIDE",24.468085106383,NA,27.4509803921569,40.4255319148936,34.7826086956522,12.5,19.1489361702128,11.6279069767442,NA,NA,NA,NA,NA,NA,NA,NA,17.6470588235294,27.6595744680851,23.9130434782609,6.25000000000001,12.7659574468085,11.6279069767442,NA,NA,NA,NA,NA,NA,NA,59
"243",271,243,138,968,14.2561983471074,2012,"high","high","pub",1,36.2989323843416,25.67,"SANTE FE HIGH",18.9727463312369,NA,NA,NA,NA,NA,NA,NA,NA,NA,NA,28.4132841328413,19.7132616487455,13.4199134199134,10.4046242774566,NA,NA,NA,NA,NA,NA,NA,NA,NA,NA,21.0332103321033,15.0537634408602,11.6883116883117,6.35838150289017,72
"244",281,244,116,185,62.7027027027027,2012,"elem","elem","pub",NA,75,57.92,"SHELL ELEM.",86.6666666666667,100,91.1764705882353,82.1428571428572,87.1794871794872,76.6666666666667,86.2068965517242,87.5,NA,NA,NA,NA,NA,NA,NA,38.8888888888889,58.8235294117647,60.7142857142857,58.974358974359,50,48.2758620689655,62.5,NA,NA,NA,NA,NA,NA,NA,90
"245",-14,245,81,241,33.6099585062241,2012,"high","high","priv",NA,18.4210526315789,NA,"ST. FRANCIS HIGH SCHOOL",NA,NA,NA,NA,NA,NA,NA,NA,NA,NA,NA,NA,NA,NA,NA,NA,NA,NA,NA,NA,NA,NA,NA,NA,NA,NA,NA,NA,NA,NA
"246",-18,246,4,45,8.88888888888889,2012,"multi","prek-8","priv",NA,NA,NA,"STAR CHRISTIAN",NA,NA,NA,NA,NA,NA,NA,NA,NA,NA,NA,NA,NA,NA,NA,NA,NA,NA,NA,NA,NA,NA,NA,NA,NA,NA,NA,NA,NA,NA
"247",41,247,239,459,52.0697167755991,2012,"elem","elem","pub",NA,51.0548523206751,61.35,"STEPHEN FOSTER ELEM.",83.7310195227766,NA,83.5164835164835,76.6666666666667,80.8823529411765,86.25,79.5180722891566,93.6708860759494,NA,NA,NA,NA,NA,NA,NA,NA,45.0549450549451,45,47.0588235294118,56.25,50.6024096385542,64.5569620253165,NA,NA,NA,NA,NA,NA,NA,84
"248",-19,248,47,270,17.4074074074074,2012,"elem","elem","priv",NA,NA,NA,"SWEETWATER BRANCH",NA,NA,NA,NA,NA,NA,NA,NA,NA,NA,NA,NA,NA,NA,NA,NA,NA,NA,NA,NA,NA,NA,NA,NA,NA,NA,NA,NA,NA,NA
"249",561,249,320,690,46.3768115942029,2012,"elem","elem","pub",2,21.9718309859155,31.99,"TALBOT ELEM.",68.1350954478708,90,64.3564356435644,61.4035087719298,59.7222222222222,71.9626168224299,77.4509803921569,75.7281553398058,NA,NA,NA,NA,NA,NA,NA,50,43.5643564356436,42.9824561403509,39.5833333333333,50.4672897196262,58.8235294117647,50.4854368932039,NA,NA,NA,NA,NA,NA,NA,94
"250",311,250,259,596,43.4563758389262,2012,"elem","elem","pub",2,78.3687943262411,85.21,"TERWILLIGER ELEM.",63.036303630363,61.1111111111111,62.589928057554,66.6666666666667,65.6862745098039,67.7083333333333,56.5217391304348,53.2258064516129,NA,NA,NA,NA,NA,NA,NA,44.4444444444445,35.9712230215827,46.6666666666667,38.2352941176471,36.4583333333333,34.7826086956522,35.4838709677419,NA,NA,NA,NA,NA,NA,NA,62
"251",-16,251,64,300,21.3333333333333,2012,"multi","prek-12","priv",NA,29.8969072164948,NA,"THE ROCK",NA,NA,NA,NA,NA,NA,NA,NA,NA,NA,NA,NA,NA,NA,NA,NA,NA,NA,NA,NA,NA,NA,NA,NA,NA,NA,NA,NA,NA,NA
"252",291,252,69,200,34.5,2012,"elem","elem","pub",4,82.1782178217822,85.99,"WALDO ELEM.",47.926267281106,87.5,47.9166666666666,33.3333333333333,44.7368421052631,45.9459459459459,42.3076923076923,50,NA,NA,NA,NA,NA,NA,NA,56.25,31.25,25,21.0526315789474,32.4324324324324,30.7692307692308,42.8571428571429,NA,NA,NA,NA,NA,NA,NA,73
"253",141,253,383,1009,37.9583746283449,2012,"mid","mid","pub",1,43.5164835164835,54.12,"WESTWOOD MIDDLE",57.6540755467197,NA,NA,NA,NA,NA,NA,NA,69.1176470588235,56.1561561561562,47.4474474474475,NA,NA,NA,NA,NA,NA,NA,NA,NA,NA,NA,44.7058823529412,35.7357357357357,33.3333333333333,NA,NA,NA,NA,81
"254",501,254,501,720,69.5833333333333,2012,"elem","elem","pub",3,38.715953307393,44.32,"WILES ELEM.",96.0219478737997,NA,96.2962962962963,97.037037037037,93.9393939393939,95.2380952380952,97.2972972972973,96.6666666666667,NA,NA,NA,NA,NA,NA,NA,NA,67.4074074074074,63.7037037037037,65.1515151515152,68.2539682539683,71.1711711711712,60,NA,NA,NA,NA,NA,NA,NA,88
"255",111,255,134,569,23.5500878734622,2012,"elem","elem","pub",1,53.3333333333333,74.73,"WILLIAMS ELEM.",49.2647058823529,NA,32.9268292682927,33.3333333333333,53.0864197530864,53.5353535353535,51.6949152542373,60.7476635514019,NA,NA,NA,NA,NA,NA,NA,NA,18.2926829268293,21.0526315789474,32.0987654320988,32.3232323232323,33.0508474576271,40.1869158878505,NA,NA,NA,NA,NA,NA,NA,67
"256",-20,256,1,25,4,2012,"multi","k-10","priv",NA,NA,NA,"SUNG 7TH DAY ADVENTIST",NA,NA,NA,NA,NA,NA,NA,NA,NA,NA,NA,NA,NA,NA,NA,NA,NA,NA,NA,NA,NA,NA,NA,NA,NA,NA,NA,NA,NA,NA
"257",52,257,23,68,33.8235294117647,2013,"elem","elem","pub",4,91.304347826087,80,"A QUINN ELEM.",38,NA,0,57.1428571428571,64.2857142857143,40,50,57.1428571428572,31.8181818181818,16.6666666666667,33.3333333333333,0,23.0769230769231,50,0,NA,0,42.8571428571428,42.8571428571428,9.99999999999999,16.6666666666667,57.1428571428572,13.6363636363636,16.6666666666667,16.6666666666667,0,15.3846153846154,50,0,42
"258",161,258,163,368,44.2934782608696,2013,"elem","elem","pub",4,52.760736196319,64.25,"ALACHUA ELEM.",80.4347826086957,NA,NA,NA,NA,85.8267716535433,81.896551724138,73.6,NA,NA,NA,NA,NA,NA,NA,NA,NA,NA,NA,49.6062992125984,43.103448275862,40,NA,NA,NA,NA,NA,NA,NA,85
"259",1011,259,41,160,25.625,2013,"multi","k-8","priv",NA,39.0243902439024,NA,"ALACHUA LEARNING CTR",NA,NA,NA,NA,NA,NA,NA,NA,NA,NA,NA,NA,NA,NA,NA,NA,NA,NA,NA,NA,NA,NA,NA,NA,NA,NA,NA,NA,NA,NA
"260",171,260,275,444,61.9369369369369,2013,"elem","elem","pub",4,49.8181818181818,59.43,"ARCHER ELEM.",97.5929978118162,100,98.1818181818182,97.5308641975309,98.2456140350877,97.2222222222222,96.9387755102041,97.4025974025974,NA,NA,NA,NA,NA,NA,NA,41.1764705882353,50.9090909090909,50.6172839506173,54.3859649122807,52.7777777777778,66.3265306122449,63.6363636363636,NA,NA,NA,NA,NA,NA,NA,100
"261",-1,261,8,47,17.0212765957447,2013,"prek","prek","priv",NA,12.5,NA,"B'NAI ISRAEL",NA,NA,NA,NA,NA,NA,NA,NA,NA,NA,NA,NA,NA,NA,NA,NA,NA,NA,NA,NA,NA,NA,NA,NA,NA,NA,NA,NA,NA,NA
"262",-2,262,89,175,50.8571428571429,2013,"multi","prek-5","priv",NA,15.7303370786517,NA,"BRENTWOOD SCHOOL",NA,NA,NA,NA,NA,NA,NA,NA,NA,NA,NA,NA,NA,NA,NA,NA,NA,NA,NA,NA,NA,NA,NA,NA,NA,NA,NA,NA,NA,NA
"263",431,263,586,2052,28.5575048732943,2013,"high","high","pub",2,25.5972696245734,27.28,"BUCHHOLZ HIGH",47.7035490605428,NA,NA,NA,NA,NA,NA,NA,NA,NA,0,55.0909090909091,44.0545808966862,48.1561822125814,43.5828877005348,NA,NA,NA,NA,NA,NA,NA,NA,NA,0,31.6363636363636,29.8245614035088,27.3318872017354,25.1336898395722,51
"264",953,264,39,129,30.2325581395349,2013,"elem","elem","priv",NA,87.1794871794872,94.3,"CARING & SHARING LEARNING",NA,NA,NA,NA,NA,NA,NA,NA,NA,NA,NA,NA,NA,NA,NA,NA,NA,NA,NA,NA,NA,NA,NA,NA,NA,NA,NA,NA,NA,NA
"265",510,265,334,687,48.6171761280932,2013,"elem","elem","pub",2,21.5568862275449,34.83,"CHILES ELEM.",68.7603305785124,NA,72.8682170542636,54.9019607843137,74.3119266055046,60.7843137254902,78.2051282051282,72.9411764705882,NA,NA,NA,NA,NA,NA,NA,NA,37.984496124031,44.1176470588235,52.2935779816514,50,53.8461538461538,55.2941176470588,NA,NA,NA,NA,NA,NA,NA,71
"266",-3,266,14,39,35.8974358974359,2013,"multi","k-12","priv",NA,57.1428571428571,NA,"CHRISTIAN LIFE ACADEMY",NA,NA,NA,NA,NA,NA,NA,NA,NA,NA,NA,NA,NA,NA,NA,NA,NA,NA,NA,NA,NA,NA,NA,NA,NA,NA,NA,NA,NA,NA
"267",-4,267,24,173,13.8728323699422,2013,"multi","prek-12","priv",NA,20.8333333333333,NA,"COUNTRYSIDE BAPTIST",NA,NA,NA,NA,NA,NA,NA,NA,NA,NA,NA,NA,NA,NA,NA,NA,NA,NA,NA,NA,NA,NA,NA,NA,NA,NA,NA,NA,NA,NA
"268",21,268,133,296,44.9324324324324,2013,"elem","elem","pub",1,87.218045112782,96.6,"DUVAL ELEM.",72.5423728813559,NA,73.2142857142857,72,69.047619047619,69.7674418604651,83.3333333333334,69.3548387096774,NA,NA,NA,NA,NA,NA,NA,NA,30.3571428571429,46,38.0952380952381,41.8604651162791,50,46.7741935483871,NA,NA,NA,NA,NA,NA,NA,74
"269",421,269,355,1325,26.7924528301887,2013,"high","high","pub",2,34.3661971830986,52.69,"EASTSIDE HIGH",36.3145720894372,NA,NA,NA,NA,NA,NA,NA,NA,NA,NA,45.9798994974874,34.1538461538462,28.169014084507,33.448275862069,NA,NA,NA,NA,NA,NA,NA,NA,NA,NA,31.9095477386935,27.6923076923077,17.6056338028169,24.8275862068966,39
"270",955,270,45,102,44.1176470588235,2013,"multi","2-8","priv",NA,48.8888888888889,51.4,"EINSTEIN MONT",NA,NA,NA,NA,NA,NA,NA,NA,NA,NA,NA,NA,NA,NA,NA,NA,NA,NA,NA,NA,NA,NA,NA,NA,NA,NA,NA,NA,NA,NA
"271",956,271,13,92,14.1304347826087,2013,"elem","elem","priv",NA,23.0769230769231,12.09,"EXPRESSIONS",NA,NA,NA,NA,NA,NA,NA,NA,NA,NA,NA,NA,NA,NA,NA,NA,NA,NA,NA,NA,NA,NA,NA,NA,NA,NA,NA,NA,NA,NA
"272",-5,272,81,242,33.4710743801653,2013,"elem","elem","priv",NA,24.6913580246914,NA,"FIRST CHRISTIAN ACADEMY",NA,NA,NA,NA,NA,NA,NA,NA,NA,NA,NA,NA,NA,NA,NA,NA,NA,NA,NA,NA,NA,NA,NA,NA,NA,NA,NA,NA,NA,NA
"273",-6,273,17,112,15.1785714285714,2013,"elem","elem","priv",NA,58.8235294117647,NA,"FOREST GROVE",NA,NA,NA,NA,NA,NA,NA,NA,NA,NA,NA,NA,NA,NA,NA,NA,NA,NA,NA,NA,NA,NA,NA,NA,NA,NA,NA,NA,NA,NA
"274",481,274,415,846,49.0543735224586,2013,"mid","mid","pub",3,38.7951807228916,42.25,"FT. CLARKE MIDDLE",85.6635071090047,NA,NA,NA,NA,NA,NA,NA,89.7727272727273,83.3976833976834,84.1121495327103,NA,NA,NA,NA,NA,NA,NA,NA,NA,NA,NA,51.5151515151515,45.945945945946,49.5327102803738,NA,NA,NA,NA,88
"275",151,275,446,1720,25.9302325581395,2013,"high","high","pub",3,30.4932735426009,42.3,"GAINESVILLE HIGH",38.4812724474089,NA,NA,NA,NA,NA,NA,NA,NA,NA,NA,48.3539094650206,40.8620689655172,32.293986636971,30.6451612903226,NA,NA,NA,NA,NA,NA,NA,NA,NA,NA,25.7201646090535,23.6206896551724,21.826280623608,22.1198156682028,41
"276",958,276,9,68,13.2352941176471,2013,"elem","elem","priv",NA,88.8888888888889,82.35,"GENESIS PREP.",NA,NA,NA,NA,NA,NA,NA,NA,NA,NA,NA,NA,NA,NA,NA,NA,NA,NA,NA,NA,NA,NA,NA,NA,NA,NA,NA,NA,NA,NA
"277",331,277,299,466,64.1630901287554,2013,"elem","elem","pub",1,36.7892976588629,45.53,"GLEN SPRINGS ELEM.",97.6190476190476,NA,96.3414634146341,96.9072164948454,97.3333333333333,98.5294117647059,97.2602739726027,100,NA,NA,NA,NA,NA,NA,NA,NA,58.5365853658537,60.8247422680412,70.6666666666667,67.6470588235294,61.6438356164383,56.7164179104478,NA,NA,NA,NA,NA,NA,NA,100
"278",-7,278,21,75,28,2013,"prek","prek","priv",NA,9.52380952380952,NA,"G'VILLE COUNTRY DAY PRE-K 75TH",NA,NA,NA,NA,NA,NA,NA,NA,NA,NA,NA,NA,NA,NA,NA,NA,NA,NA,NA,NA,NA,NA,NA,NA,NA,NA,NA,NA,NA,NA
"279",-8,279,94,125,75.2,2013,"prek","prek","priv",NA,4.25531914893617,NA,"G'VILLE COUNTRY DAY SCHOOL 24TH",NA,NA,NA,NA,NA,NA,NA,NA,NA,NA,NA,NA,NA,NA,NA,NA,NA,NA,NA,NA,NA,NA,NA,NA,NA,NA,NA,NA,NA,NA
"280",201,280,72,282,25.531914893617,2013,"high","high","pub",3,75,79.53,"HAWTHORNE JR./SR. HIGH",51.2635379061372,NA,NA,NA,NA,NA,NA,NA,82.9268292682926,72.0930232558139,68.6274509803922,29.4117647058824,25.6410256410256,39.1304347826087,17.3913043478261,NA,NA,NA,NA,NA,NA,NA,51.2195121951219,37.2093023255814,33.3333333333333,20.5882352941177,7.69230769230769,10.8695652173913,13.0434782608696,76
"281",981,281,52,88,59.0909090909091,2013,"elem","elem","priv",NA,15.3846153846154,26.14,"HEALTHY LEARNING",NA,NA,NA,NA,NA,NA,NA,NA,NA,NA,NA,NA,NA,NA,NA,NA,NA,NA,NA,NA,NA,NA,NA,NA,NA,NA,NA,NA,NA,NA
"282",482,282,420,723,58.0912863070539,2013,"elem","elem","pub",3,20.4761904761905,29.5,"HIDDEN OAK ELEM.",83.2624113475177,NA,81.4814814814815,78.90625,87.037037037037,90,82.6086956521739,78.3018867924528,NA,NA,NA,NA,NA,NA,NA,NA,52.7777777777778,52.34375,59.2592592592593,65.7142857142857,57.3913043478261,55.6603773584906,NA,NA,NA,NA,NA,NA,NA,84
"283",461,283,365,840,43.452380952381,2013,"elem","elem","pub",3,32.6027397260274,39.86,"HIGH SPRINGS ELEM.",68.0786686838124,NA,71.6666666666667,61.1940298507463,64.7727272727273,76.2886597938144,68.9655172413793,79.1044776119403,49.3506493506493,78.3783783783784,59.0909090909091,NA,NA,NA,NA,NA,33.3333333333333,43.2835820895523,46.5909090909091,51.5463917525773,58.6206896551724,44.7761194029851,32.4675324675325,48.6486486486487,40.9090909090909,NA,NA,NA,NA,72
"284",971,284,40,114,35.0877192982456,2013,"mid","mid","priv",NA,57.5,79.82,"HOGGTOWN MIDDLE",NA,NA,NA,NA,NA,NA,NA,NA,NA,NA,NA,NA,NA,NA,NA,NA,NA,NA,NA,NA,NA,NA,NA,NA,NA,NA,NA,NA,NA,NA
"285",412,285,4,87,4.59770114942529,2013,"high","high","pub",1,75,93.26,"HORIZON CENTER",NA,NA,NA,NA,NA,NA,NA,NA,NA,NA,NA,NA,NA,NA,NA,NA,NA,NA,NA,NA,NA,NA,NA,NA,NA,NA,NA,NA,NA,15
"286",121,286,248,693,35.7864357864358,2013,"mid","mid","pub",2,39.5161290322581,60.03,"HOWARD BISHOP MIDDLE",68.1952662721893,NA,NA,NA,NA,NA,NA,NA,76.5690376569038,63.9484978540773,63.2352941176471,NA,NA,NA,NA,NA,NA,NA,NA,NA,NA,NA,35.1464435146444,35.6223175965665,35.2941176470588,NA,NA,NA,NA,69
"287",321,287,295,684,43.1286549707602,2013,"elem","elem","pub",3,73.5593220338983,83.18,"IDYLWILD ELEM.",67.9582712369598,NA,77.4193548387097,67.6258992805756,67.5675675675676,70.7317073170732,53.2608695652174,67.0731707317073,NA,NA,NA,NA,NA,NA,NA,NA,41.9354838709677,38.1294964028777,43.2432432432432,45.5284552845529,36.9565217391304,45.1219512195122,NA,NA,NA,NA,NA,NA,NA,74
"288",571,288,257,461,55.7483731019523,2013,"elem","elem","pub",2,59.5330739299611,65.35,"IRBY ELEM.",92.0892494929006,NA,92.5925925925926,87.4285714285714,97.6744186046512,NA,NA,NA,NA,NA,NA,NA,NA,NA,NA,NA,46.5608465608466,42.2857142857143,58.1395348837209,NA,NA,NA,NA,NA,NA,NA,NA,NA,NA,95
"289",31,289,360,570,63.1578947368421,2013,"elem","elem","pub",1,48.3333333333333,56.25,"JJ FINLEY ELEM.",93.5875216637782,NA,92.3076923076923,90.9090909090909,93.3962264150943,93.2038834951456,98.8235294117647,94.3661971830986,NA,NA,NA,NA,NA,NA,NA,NA,56.043956043956,54.5454545454546,59.4339622641509,60.1941747572816,67.0588235294118,71.830985915493,NA,NA,NA,NA,NA,NA,NA,95
"290",-9,290,59,115,51.304347826087,2013,"multi","prek-8","priv",NA,5.08474576271186,NA,"JORDAN GLENN",NA,NA,NA,NA,NA,NA,NA,NA,NA,NA,NA,NA,NA,NA,NA,NA,NA,NA,NA,NA,NA,NA,NA,NA,NA,NA,NA,NA,NA,NA
"291",502,291,410,954,42.9769392033543,2013,"mid","mid","pub",4,35.8536585365854,45.6,"KANAPAHA MIDDLE",63.5330578512397,NA,NA,NA,NA,NA,NA,NA,69.023569023569,65.0429799426934,56.832298136646,NA,NA,NA,NA,NA,NA,NA,NA,NA,NA,NA,45.4545454545455,44.4126074498567,37.5776397515528,NA,NA,NA,NA,65
"292",71,292,130,298,43.6241610738255,2013,"elem","elem","pub",4,88.4615384615385,96,"LAKE FOREST ELEM.",72.0538720538721,NA,65.3846153846154,66,78.8461538461538,80.7692307692308,75.609756097561,66,NA,NA,NA,NA,NA,NA,NA,NA,36.5384615384615,40,42.3076923076923,53.8461538461538,43.9024390243902,44,NA,NA,NA,NA,NA,NA,NA,74
"293",112,293,289,675,42.8148148148148,2013,"mid","mid","pub",2,35.2941176470588,53.76,"LINCOLN MIDDLE",61.0606060606061,NA,NA,NA,NA,NA,NA,NA,63.4703196347032,60,59.7345132743363,NA,NA,NA,NA,NA,NA,NA,NA,NA,NA,NA,44.7488584474886,40,44.6902654867257,NA,NA,NA,NA,62
"294",91,294,156,621,25.1207729468599,2013,"elem","elem","pub",3,78.8461538461538,59.55,"LITTLEWOOD ELEM.",73.5152487961477,81.25,65.4867256637168,73.2758620689655,77.8846153846154,77.8846153846154,72.9411764705882,72.9411764705882,NA,NA,NA,NA,NA,NA,NA,43.75,37.1681415929204,47.4137931034483,35.5769230769231,50,47.0588235294117,54.1176470588235,NA,NA,NA,NA,NA,NA,NA,77
"295",411,295,58,198,29.2929292929293,2013,"high","high","pub",1,39.6551724137931,65.32,"LOFTEN HIGH",54.639175257732,NA,NA,NA,NA,NA,NA,NA,NA,0,NA,65.1515151515152,64.2857142857143,36.5853658536585,47.7272727272727,NA,NA,NA,NA,NA,NA,NA,NA,0,NA,39.3939393939394,33.3333333333333,19.5121951219512,20.4545454545455,57
"296",520,296,411,708,58.0508474576271,2013,"elem","elem","pub",1,30.9002433090024,38.27,"MEADOWBROOK ELEM.",91.2921348314607,91.6666666666667,89.6296296296296,91.7910447761194,89.763779527559,92.436974789916,92.7083333333333,92.1348314606742,NA,NA,NA,NA,NA,NA,NA,58.3333333333333,53.3333333333333,55.9701492537313,54.3307086614173,61.3445378151261,56.25,55.0561797752809,NA,NA,NA,NA,NA,NA,NA,93
"297",221,297,141,354,39.8305084745763,2013,"mid","mid","pub",4,51.7730496453901,62.67,"MEBANE MIDDLE",71.6292134831461,NA,NA,NA,NA,NA,NA,NA,74.3801652892562,73.5042735042735,66.9491525423729,NA,NA,NA,NA,NA,NA,NA,NA,NA,NA,NA,42.1487603305785,36.7521367521367,38.9830508474576,NA,NA,NA,NA,75
"298",101,298,134,318,42.1383647798742,2013,"elem","elem","pub",4,80.5970149253731,94.84,"METCALFE ELEM.",51.219512195122,NA,64.5161290322581,42.8571428571429,59.016393442623,45.7142857142857,48.8372093023256,36.3636363636364,NA,NA,NA,NA,NA,NA,NA,NA,30.6451612903226,26.1904761904762,36.0655737704918,20,23.2558139534883,13.6363636363636,NA,NA,NA,NA,NA,NA,NA,54
"299",951,299,75,131,57.2519083969466,2013,"elem","elem","priv",NA,54.6666666666667,NA,"MICANOPY AREA CO-OP",NA,NA,NA,NA,NA,NA,NA,NA,NA,NA,NA,NA,NA,NA,NA,NA,NA,NA,NA,NA,NA,NA,NA,NA,NA,NA,NA,NA,NA,NA
"300",961,300,18,62,29.0322580645161,2013,"mid","mid","priv",NA,55.5555555555556,65.57,"MICANOPY MIDDLE SCHOOL",NA,NA,NA,NA,NA,NA,NA,NA,NA,NA,NA,NA,NA,NA,NA,NA,NA,NA,NA,NA,NA,NA,NA,NA,NA,NA,NA,NA,NA,NA
"301",-10,301,95,217,43.778801843318,2013,"multi","prek-8","priv",NA,3.15789473684211,NA,"MILLHOPPER MONTESSORI",NA,NA,NA,NA,NA,NA,NA,NA,NA,NA,NA,NA,NA,NA,NA,NA,NA,NA,NA,NA,NA,NA,NA,NA,NA,NA,NA,NA,NA,NA
"302",531,302,324,498,65.0602409638554,2013,"elem","elem","pub",3,51.2345679012346,54.75,"NEWBERRY ELEM.",NA,NA,NA,NA,NA,NA,NA,NA,NA,NA,NA,NA,NA,NA,NA,NA,NA,NA,NA,NA,NA,NA,NA,NA,NA,NA,NA,NA,NA,99
"303",261,303,201,553,36.3471971066908,2013,"high","high","pub",3,42.2885572139303,44.25,"NEWBERRY HIGH",62.4761904761905,NA,NA,NA,NA,NA,NA,NA,NA,NA,NA,66.8918918918919,66.2162162162162,63.7931034482759,50.4424778761062,NA,NA,NA,NA,NA,NA,NA,NA,NA,NA,41.8918918918919,37.8378378378378,36.2068965517241,29.2035398230088,65
"304",541,304,345,673,51.2630014858841,2013,"elem","elem","pub",2,48.695652173913,57.25,"NORTON ELEM.",97.4045801526718,NA,98.4962406015038,100,97.4789915966387,97.2727272727273,91.9191919191919,98.5294117647059,NA,NA,NA,NA,NA,NA,NA,NA,52.6315789473684,49.2063492063492,51.2605042016807,50.9090909090909,47.4747474747475,51.4705882352941,NA,NA,NA,NA,NA,NA,NA,99
"305",-11,305,442,820,53.9024390243902,2013,"high","high","priv",NA,10.1809954751131,NA,"OAK HALL",NA,NA,NA,NA,NA,NA,NA,NA,NA,NA,NA,NA,NA,NA,NA,NA,NA,NA,NA,NA,NA,NA,NA,NA,NA,NA,NA,NA,NA,NA
"306",591,306,344,707,48.6562942008487,2013,"mid","mid","pub",1,36.3372093023256,44.71,"OAKVIEW MIDDLE",82.0402298850575,NA,NA,NA,NA,NA,NA,94.3820224719101,83.5,82,75.3623188405797,NA,NA,NA,NA,NA,NA,NA,NA,NA,NA,55.0561797752809,49,50.5,43.4782608695652,NA,NA,NA,NA,83
"307",950,307,66,239,27.6150627615063,2013,"elem","elem","priv",NA,63.6363636363636,71.15,"ONE ROOM SCHOOL HOUSE",NA,NA,NA,NA,NA,NA,NA,NA,NA,NA,NA,NA,NA,NA,NA,NA,NA,NA,NA,NA,NA,NA,NA,NA,NA,NA,NA,NA,NA,NA
"308",-12,308,9,19,47.3684210526316,2013,"multi","k-12","priv",NA,22.2222222222222,NA,"PASSAGE CHRISTIAN",NA,NA,NA,NA,NA,NA,NA,NA,NA,NA,NA,NA,NA,NA,NA,NA,NA,NA,NA,NA,NA,NA,NA,NA,NA,NA,NA,NA,NA,NA
"309",391,309,311,1142,27.2329246935201,2013,"multi","k-12","pub",NA,20.2572347266881,NA,"PK YONGE",NA,NA,NA,NA,NA,NA,NA,NA,NA,NA,NA,NA,NA,NA,NA,NA,NA,NA,NA,NA,NA,NA,NA,NA,NA,NA,NA,NA,NA,NA
"310",500,310,21,50,42,2013,"elem","elem","pub",NA,95.2380952380952,100,"PRAIRIE VIEW",NA,NA,NA,NA,NA,NA,NA,NA,NA,NA,NA,NA,NA,NA,NA,NA,NA,NA,NA,NA,NA,NA,NA,NA,NA,NA,NA,NA,NA,100
"311",-13,311,228,441,51.7006802721088,2013,"multi","prek-8","priv",NA,6.14035087719298,NA,"QUEEN OF PEACE",NA,NA,NA,NA,NA,NA,NA,NA,NA,NA,NA,NA,NA,NA,NA,NA,NA,NA,NA,NA,NA,NA,NA,NA,NA,NA,NA,NA,NA,NA
"312",341,312,136,290,46.8965517241379,2013,"elem","elem","pub",2,86.7647058823529,78.98,"RAWLINGS & FERNSIDE",56.9965870307167,NA,66.6666666666666,32.7586206896552,58.3333333333333,61.1111111111111,94.4444444444445,37.5,NA,NA,NA,NA,NA,NA,NA,NA,47.3684210526316,20.6896551724138,25,35.1851851851852,38.8888888888889,15,NA,NA,NA,NA,NA,NA,NA,59
"313",271,313,281,1058,26.5595463137996,2013,"high","high","pub",1,36.2989323843416,25.67,"SANTE FE HIGH",64.6341463414634,NA,NA,NA,NA,NA,NA,NA,NA,NA,NA,70.631970260223,59.927797833935,65.0602409638554,62.4338624338624,NA,NA,NA,NA,NA,NA,NA,NA,NA,NA,35.3159851301115,27.0758122743682,24.0963855421687,16.9312169312169,72
"314",281,314,100,183,54.6448087431694,2013,"elem","elem","pub",NA,75,57.92,"SHELL ELEM.",85.3107344632768,NA,84.375,81.578947368421,91.304347826087,82.3529411764706,88.4615384615385,87.5,NA,NA,NA,NA,NA,NA,NA,NA,59.375,42.1052631578947,69.5652173913043,58.8235294117647,46.1538461538462,45.8333333333334,NA,NA,NA,NA,NA,NA,NA,90
"315",-14,315,76,242,31.404958677686,2013,"high","high","priv",NA,18.4210526315789,NA,"ST. FRANCIS HIGH SCHOOL",NA,NA,NA,NA,NA,NA,NA,NA,NA,NA,NA,NA,NA,NA,NA,NA,NA,NA,NA,NA,NA,NA,NA,NA,NA,NA,NA,NA,NA,NA
"316",-15,316,85,242,35.1239669421488,2013,"multi","prek-8","priv",NA,28.2352941176471,NA,"ST. PATRICKS",NA,NA,NA,NA,NA,NA,NA,NA,NA,NA,NA,NA,NA,NA,NA,NA,NA,NA,NA,NA,NA,NA,NA,NA,NA,NA,NA,NA,NA,NA
"317",41,317,237,485,48.8659793814433,2013,"elem","elem","pub",NA,51.0548523206751,61.35,"STEPHEN FOSTER ELEM.",82.2125813449024,NA,82.8571428571429,81.0126582278481,73.1343283582089,87.0588235294118,85.5555555555556,81.4285714285715,NA,NA,NA,NA,NA,NA,NA,NA,37.1428571428571,45.5696202531646,43.2835820895523,51.7647058823529,57.7777777777778,50,NA,NA,NA,NA,NA,NA,NA,84
"318",561,318,355,717,49.5118549511855,2013,"elem","elem","pub",2,21.9718309859155,31.99,"TALBOT ELEM.",81.5972222222222,NA,79.7872340425532,83.5164835164835,81.651376146789,80.5084745762712,86.8686868686869,75.3846153846154,NA,NA,NA,NA,NA,NA,NA,NA,42.5531914893617,46.1538461538461,44.0366972477064,39.8305084745763,54.5454545454545,58.4615384615384,NA,NA,NA,NA,NA,NA,NA,94
"319",311,319,282,608,46.3815789473684,2013,"elem","elem","pub",2,78.3687943262411,85.21,"TERWILLIGER ELEM.",60.8108108108108,69.2307692307692,53.968253968254,66.6666666666667,71.7171717171717,56.5656565656566,60,51.6666666666667,NA,NA,NA,NA,NA,NA,NA,46.1538461538461,33.3333333333333,43.3333333333333,51.5151515151515,39.3939393939394,46.6666666666667,33.3333333333333,NA,NA,NA,NA,NA,NA,NA,62
"320",-16,320,97,300,32.3333333333333,2013,"multi","prek-12","priv",NA,29.8969072164948,NA,"THE ROCK",NA,NA,NA,NA,NA,NA,NA,NA,NA,NA,NA,NA,NA,NA,NA,NA,NA,NA,NA,NA,NA,NA,NA,NA,NA,NA,NA,NA,NA,NA
"321",-17,321,20,76,26.3157894736842,2013,"multi","k-12","priv",NA,35,NA,"TRILOGY",NA,NA,NA,NA,NA,NA,NA,NA,NA,NA,NA,NA,NA,NA,NA,NA,NA,NA,NA,NA,NA,NA,NA,NA,NA,NA,NA,NA,NA,NA
"322",291,322,101,201,50.2487562189055,2013,"elem","elem","pub",4,82.1782178217822,85.99,"WALDO ELEM.",66.9902912621359,NA,60.4651162790698,62.2222222222222,68.75,79.4871794871795,50,69.2307692307692,NA,NA,NA,NA,NA,NA,NA,NA,41.8604651162791,35.5555555555556,40.625,43.5897435897436,37.5,51.2820512820513,NA,NA,NA,NA,NA,NA,NA,73
"323",141,323,455,989,46.0060667340748,2013,"mid","mid","pub",1,43.5164835164835,54.12,"WESTWOOD MIDDLE",78.7128712871287,NA,NA,NA,NA,NA,NA,NA,81.25,80.1801801801802,74.7800586510264,NA,NA,NA,NA,NA,NA,NA,NA,NA,NA,NA,47.3214285714286,45.6456456456456,42.2287390029325,NA,NA,NA,NA,81
"324",501,324,514,798,64.4110275689223,2013,"elem","elem","pub",3,38.715953307393,44.32,"WILES ELEM.",84.9807445442875,NA,80.1324503311258,91.8518518518519,83.206106870229,91.869918699187,80.9917355371901,82.2033898305085,NA,NA,NA,NA,NA,NA,NA,NA,52.317880794702,61.4814814814815,52.6717557251908,65.8536585365854,66.1157024793388,62.7118644067797,NA,NA,NA,NA,NA,NA,NA,88
"325",111,325,210,565,37.1681415929204,2013,"elem","elem","pub",1,53.3333333333333,74.73,"WILLIAMS ELEM.",63.7010676156584,NA,68.8172043010753,64.0625,61,52.4752475247525,74.1935483870968,63.0630630630631,NA,NA,NA,NA,NA,NA,NA,NA,23.6559139784946,26.5625,37,36.6336633663366,46.236559139785,40.5405405405405,NA,NA,NA,NA,NA,NA,NA,67
