"","id","school","doses","totMem","immRate","year","type","gradeRange","pubPriv","frLunch13","percent_free_reduced_lunch"
"1",161,"Alachua Elem",118.72,424,0.28,2006,"elem","elem","pub",64.25,64.25
"2",171,"Archer Elem",117.5,470,0.25,2006,"elem","elem","pub",59.43,59.43
"3",510,"Chiles Elem",278.85,715,0.39,2006,"elem","elem","pub",34.83,34.83
"4",21,"Duval Elem",28.89,321,0.09,2006,"elem","elem","pub",96.6,96.6
"5",31,"JJ Finley Elem",151.47,459,0.33,2006,"elem","elem","pub",56.25,56.25
"6",41,"Stephen Foster Elem",133.98,462,0.29,2006,"elem","elem","pub",61.35,61.35
"7",331,"Glenn Springs Elem",106.86,411,0.26,2006,"elem","elem","pub",45.53,45.53
"8",482,"Hidden Oak Elem",349.32,852,0.41,2006,"elem","elem","pub",29.5,29.5
"9",461,"High Springs Community",274.24,857,0.32,2006,"elem","elem","pub",39.86,39.86
"10",321,"Idylwild Elem",195.6,652,0.3,2006,"elem","elem","pub",83.18,83.18
"11",571,"Irby Elem",111.09,529,0.21,2006,"elem","elem","pub",65.35,65.35
"12",71,"Lake Forest Elem",60.64,379,0.16,2006,"elem","elem","pub",96,96
"13",91,"Littlewood Elem",193.43,667,0.29,2006,"elem","elem","pub",59.55,59.55
"14",101,"Metcalfe Elem",40.59,451,0.09,2006,"elem","elem","pub",94.84,94.84
"15",531,"Newberry Elem",123.97,539,0.23,2006,"elem","elem","pub",54.75,54.75
"16",541,"Norton Elem",154.8,645,0.24,2006,"elem","elem","pub",57.25,57.25
"17",341,"Rawlings Elem",34.92,388,0.09,2006,"elem","elem","pub",78.98,78.98
"18",281,"Shell Elem",25.61,197,0.13,2006,"elem","elem","pub",57.92,57.92
"19",561,"Talbot Elem",337.92,704,0.48,2006,"elem","elem","pub",31.99,31.99
"20",311,"Terwilliger Elem",90.72,648,0.14,2006,"elem","elem","pub",85.21,85.21
"21",291,"Waldo Elem",33.49,197,0.17,2006,"elem","elem","pub",85.99,85.99
"22",111,"Williams Elem",184.62,543,0.34,2006,"elem","elem","pub",74.73,74.73
"23",501,"Wiles Elem",131.48,692,0.19,2006,"elem","elem","pub",44.32,44.32
"24",121,"Bishop Middle",152.88,728,0.21,2006,"mid","mid","pub",60.03,60.03
"25",481,"Ft. Clarke Middle",205,820,0.25,2006,"mid","mid","pub",42.25,42.25
"26",502,"Kanapha Middle",216,900,0.24,2006,"mid","mid","pub",45.6,45.6
"27",112,"Lincoln Middle",151.83,723,0.21,2006,"mid","mid","pub",53.76,53.76
"28",221,"Mebane Middle",69.44,434,0.16,2006,"mid","mid","pub",62.67,62.67
"29",591,"Oakview Middle",132.93,633,0.21,2006,"mid","mid","pub",44.71,44.71
"30",141,"Westwood Middle",308.14,994,0.31,2006,"mid","mid","pub",54.12,54.12
"31",161,"Alachua Elem",152.64,424,0.36,2009,"elem","elem","pub",64.25,64.25
"32",171,"Archer Elem",310.2,470,0.66,2009,"elem","elem","pub",59.43,59.43
"33",510,"Chiles Elem",386.1,715,0.54,2009,"elem","elem","pub",34.83,34.83
"34",21,"Duval Elem",173.34,321,0.54,2009,"elem","elem","pub",96.6,96.6
"35",31,"JJ Finley Elem",289.17,459,0.63,2009,"elem","elem","pub",56.25,56.25
"36",41,"Stephen Foster Elem",203.28,462,0.44,2009,"elem","elem","pub",61.35,61.35
"37",331,"Glenn Springs Elem",230.16,411,0.56,2009,"elem","elem","pub",45.53,45.53
"38",482,"Hidden Oak Elem",434.52,852,0.51,2009,"elem","elem","pub",29.5,29.5
"39",461,"High Springs Community",377.08,857,0.44,2009,"elem","elem","pub",39.86,39.86
"40",321,"Idylwild Elem",339.04,652,0.52,2009,"elem","elem","pub",83.18,83.18
"41",571,"Irby Elem",259.21,529,0.49,2009,"elem","elem","pub",65.35,65.35
"42",71,"Lake Forest Elem",178.13,379,0.47,2009,"elem","elem","pub",96,96
"43",91,"Littlewood Elem",413.54,667,0.62,2009,"elem","elem","pub",59.55,59.55
"44",101,"Metcalfe Elem",117.26,451,0.26,2009,"elem","elem","pub",94.84,94.84
"45",531,"Newberry Elem",312.62,539,0.58,2009,"elem","elem","pub",54.75,54.75
"46",541,"Norton Elem",322.5,645,0.5,2009,"elem","elem","pub",57.25,57.25
"47",341,"Rawlings Elem",213.4,388,0.55,2009,"elem","elem","pub",78.98,78.98
"48",281,"Shell Elem",98.5,197,0.5,2009,"elem","elem","pub",57.92,57.92
"49",561,"Talbot Elem",436.48,704,0.62,2009,"elem","elem","pub",31.99,31.99
"50",311,"Terwilliger Elem",259.2,648,0.4,2009,"elem","elem","pub",85.21,85.21
"51",291,"Waldo Elem",133.96,197,0.68,2009,"elem","elem","pub",85.99,85.99
"52",111,"Williams Elem",206.34,543,0.38,2009,"elem","elem","pub",74.73,74.73
"53",501,"Wiles Elem",366.76,692,0.53,2009,"elem","elem","pub",44.32,44.32
"54",121,"Bishop Middle",283.92,728,0.39,2009,"mid","mid","pub",60.03,60.03
"55",481,"Ft. Clarke Middle",442.8,820,0.54,2009,"mid","mid","pub",42.25,42.25
"56",201,"Hawthorne Middle",110.4,345,0.32,2009,"high","high","pub",79.53,79.53
"57",502,"Kanapha Middle",450,900,0.5,2009,"mid","mid","pub",45.6,45.6
"58",112,"Lincoln Middle",202.44,723,0.28,2009,"mid","mid","pub",53.76,53.76
"59",221,"Mebane Middle",195.3,434,0.45,2009,"mid","mid","pub",62.67,62.67
"60",591,"Oakview Middle",291.18,633,0.46,2009,"mid","mid","pub",44.71,44.71
"61",141,"Westwood Middle",367.78,994,0.37,2009,"mid","mid","pub",54.12,54.12
"62",52,"A Quinn Elem.",24,66,0.3636363636,2010,"elem","elem","pub",80,80
"63",161,"Alachua Elem.",160,424,0.3773584906,2010,"elem","elem","pub",64.25,64.25
"64",1011,"Alachua Learning Ctr",38,170,0.2235294118,2010,"multi","k-8","priv",NA,NA
"65",171,"Archer Elem.",271,470,0.5765957447,2010,"elem","elem","pub",59.43,59.43
"66",-1,"B'Nai Israel Day School",5,65,0.0769230769,2010,"prek","prek","priv",NA,NA
"67",-21,"Bhativendan",3,59,0.0508474576,2010,"multi","prek-8","priv",NA,NA
"68",-2,"Brentwood School**",80,183,0.4371584699,2010,"multi","prek-5","priv",NA,NA
"69",431,"Buchholz High",344,2048,0.16796875,2010,"high","high","pub",27.28,27.28
"70",953,"Caring & Sharing Learning",37,124,0.2983870968,2010,"elem","elem","priv",94.3,94.3
"71",510,"Chiles Elem.",356,715,0.4979020979,2010,"elem","elem","pub",34.83,34.83
"72",-3,"Christian Life Academy**",16,40,0.4,2010,"multi","k-12","priv",NA,NA
"73",-4,"Countryside Baptist**",31,149,0.2080536913,2010,"multi","prek-12","priv",NA,NA
"74",21,"Duval Elem.",149,321,0.4641744548,2010,"elem","elem","pub",96.6,96.6
"75",421,"Eastside High",241,1403,0.1717747684,2010,"high","high","pub",52.69,52.69
"76",955,"Einstein Mont",29,102,0.2843137255,2010,"multi","2-8","priv",51.4,51.4
"77",956,"Expressions",19,88,0.2159090909,2010,"elem","elem","priv",12.09,12.09
"78",-6,"Forest Grove**",27,70,0.3857142857,2010,"elem","elem","priv",NA,NA
"79",481,"Ft. Clarke Middle",325,820,0.3963414634,2010,"mid","mid","pub",42.25,42.25
"80",151,"Gainesville High",334,1791,0.1864879955,2010,"high","high","pub",42.3,42.3
"81",958,"Genesis Prep.",13,66,0.196969697,2010,"elem","elem","priv",82.35,82.35
"82",331,"Glen Springs Elem.",229,411,0.5571776156,2010,"elem","elem","pub",45.53,45.53
"83",-7,"G'ville Country Day School**",133,225,0.5911111111,2010,"prek","prek","priv",NA,NA
"84",201,"Hawthorne Jr./Sr. High",74,345,0.2144927536,2010,"high","high","pub",79.53,79.53
"85",981,"Healthy Learning",30,60,0.5,2010,"elem","elem","priv",26.14,26.14
"86",482,"Hidden Oak Elem.",506,852,0.5938967136,2010,"elem","elem","pub",29.5,29.5
"87",461,"High Springs Elem.",318,857,0.3710618436,2010,"elem","elem","pub",39.86,39.86
"88",971,"Hoggtown Middle",12,120,0.1,2010,"mid","mid","priv",79.82,79.82
"89",412,"Horizon Center",7,81,0.0864197531,2010,"high","high","pub",93.26,93.26
"90",121,"Howard Bishop Middle",220,728,0.3021978022,2010,"mid","mid","pub",60.03,60.03
"91",321,"Idylwilde Elem.",275,652,0.4217791411,2010,"elem","elem","pub",83.18,83.18
"92",571,"Irby Elem.",218,529,0.4120982987,2010,"elem","elem","pub",65.35,65.35
"93",31,"JJ Finley Elem.",261,459,0.568627451,2010,"elem","elem","pub",56.25,56.25
"94",-9,"Jordan Glenn**",45,115,0.3913043478,2010,"multi","prek-8","priv",NA,NA
"95",502,"Kanapaha Middle",379,900,0.4211111111,2010,"mid","mid","pub",45.6,45.6
"96",71,"Lake Forrest Elem.",144,379,0.3799472296,2010,"elem","elem","pub",96,96
"97",112,"Lincoln Middle",196,723,0.2710926694,2010,"mid","mid","pub",53.76,53.76
"98",91,"Littlewood Elem.",300,667,0.4497751124,2010,"elem","elem","pub",59.55,59.55
"99",221,"Mebane Middle",134,434,0.3087557604,2010,"mid","mid","pub",62.67,62.67
"100",101,"Metcalfe Elem.",122,451,0.2705099778,2010,"elem","elem","pub",94.84,94.84
"101",951,"Micanopy Area Co-op",71,116,0.6120689655,2010,"elem","elem","priv",NA,NA
"102",961,"Micanopy Middle School",26,79,0.3291139241,2010,"mid","mid","priv",65.57,65.57
"103",-10,"Millhopper Montessori**",63,226,0.2787610619,2010,"multi","prek-8","priv",NA,NA
"104",531,"Newberry Elem.",296,539,0.5491651206,2010,"elem","elem","pub",54.75,54.75
"105",541,"Norton Elem.",280,645,0.4341085271,2010,"elem","elem","pub",57.25,57.25
"106",-11,"Oak Hall**",391,823,0.47509113,2010,"high","high","priv",NA,NA
"107",591,"Oakview Middle",296,633,0.467614534,2010,"mid","mid","pub",44.71,44.71
"108",950,"One Room School House",51,123,0.4146341463,2010,"elem","elem","priv",71.15,71.15
"109",500,"Prairie View",31,85,0.3647058824,2010,"elem","elem","pub",100,100
"110",341,"Rawlings Elem.",157,388,0.4046391753,2010,"elem","elem","pub",78.98,78.98
"111",281,"Shell Elem.",79,197,0.4010152284,2010,"elem","elem","pub",57.92,57.92
"112",-22,"Spencer House Montessori**",16,30,0.5333333333,2010,"prek","prek","priv",NA,NA
"113",-14,"St. Francis High School**",61,241,0.2531120332,2010,"high","high","priv",NA,NA
"114",41,"Stephen Foster Elem.",227,462,0.4913419913,2010,"elem","elem","pub",61.35,61.35
"115",561,"Talbot Elem.",391,704,0.5553977273,2010,"elem","elem","pub",31.99,31.99
"116",311,"Terwilliger Elem.",284,648,0.4382716049,2010,"elem","elem","pub",85.21,85.21
"117",-16,"The Rock**",51,300,0.17,2010,"multi","prek-12","priv",NA,NA
"118",-17,"Trilogy School",23,76,0.3026315789,2010,"multi","k-12","priv",NA,NA
"119",291,"Waldo Elem.",105,197,0.5329949239,2010,"elem","elem","pub",85.99,85.99
"120",141,"Westwood Middle",245,994,0.2464788732,2010,"mid","mid","pub",54.12,54.12
"121",501,"Wiles Elem.",374,692,0.5404624277,2010,"elem","elem","pub",44.32,44.32
"122",111,"Williams Elem.",200,543,0.3683241252,2010,"elem","elem","pub",74.73,74.73
"123",52,"A Quinn Elem.",32,63,0.5079365079,2011,"elem","elem","pub",80,80
"124",161,"Alachua Elem.",160,427,0.37470726,2011,"elem","elem","pub",64.25,64.25
"125",1011,"Alachua Learning Ctr",30,170,0.1764705882,2011,"multi","k-8","priv",NA,NA
"126",171,"Archer Elem.",245,459,0.5337690632,2011,"elem","elem","pub",59.43,59.43
"127",-21,"Bhativendan",4,59,0.0677966102,2011,"multi","prek-8","priv",NA,NA
"128",-2,"Brentwood School**",86,183,0.4699453552,2011,"multi","prek-5","priv",NA,NA
"129",431,"Buchholz High",392,1982,0.1977800202,2011,"high","high","pub",27.28,27.28
"130",953,"Caring & Sharing Learning",41,176,0.2329545455,2011,"elem","elem","priv",94.3,94.3
"131",510,"Chiles Elem.",323,731,0.4418604651,2011,"elem","elem","pub",34.83,34.83
"132",-3,"Christian Life Academy**",22,40,0.55,2011,"multi","k-12","priv",NA,NA
"133",-4,"Countryside Baptist**",35,149,0.2348993289,2011,"multi","prek-12","priv",NA,NA
"134",21,"Duval Elem.",168,287,0.5853658537,2011,"elem","elem","pub",96.6,96.6
"135",421,"Eastside High",236,1299,0.181678214,2011,"high","high","pub",52.69,52.69
"136",955,"Einstein Mont",33,106,0.3113207547,2011,"multi","2-8","priv",51.4,51.4
"137",956,"Expressions",17,88,0.1931818182,2011,"elem","elem","priv",12.09,12.09
"138",-5,"First Christian Academy**",49,234,0.2094017094,2011,"elem","elem","priv",NA,NA
"139",-6,"Forest Grove**",25,70,0.3571428571,2011,"elem","elem","priv",NA,NA
"140",481,"Ft. Clarke Middle",376,876,0.4292237443,2011,"mid","mid","pub",42.25,42.25
"141",151,"Gainesville High",315,1764,0.1785714286,2011,"high","high","pub",42.3,42.3
"142",958,"Genesis Prep.",8,67,0.1194029851,2011,"elem","elem","priv",82.35,82.35
"143",331,"Glen Springs Elem.",235,434,0.5414746544,2011,"elem","elem","pub",45.53,45.53
"144",-7,"G'ville Country Day School**",132,225,0.5866666667,2011,"prek","prek","priv",NA,NA
"145",201,"Hawthorne Jr./Sr. High",43,304,0.1414473684,2011,"high","high","pub",79.53,79.53
"146",981,"Healthy Learning",38,70,0.5428571429,2011,"elem","elem","priv",26.14,26.14
"147",482,"Hidden Oak Elem.",478,851,0.5616921269,2011,"elem","elem","pub",29.5,29.5
"148",461,"High Springs Elem.",417,851,0.4900117509,2011,"elem","elem","pub",39.86,39.86
"149",971,"Hoggtown Middle",16,110,0.1454545455,2011,"mid","mid","priv",79.82,79.82
"150",412,"Horizon Center",15,86,0.1744186047,2011,"high","high","pub",93.26,93.26
"151",121,"Howard Bishop Middle",224,673,0.3328380386,2011,"mid","mid","pub",60.03,60.03
"152",321,"Idylwilde Elem.",190,597,0.3182579564,2011,"elem","elem","pub",83.18,83.18
"153",571,"Irby Elem.",226,519,0.4354527938,2011,"elem","elem","pub",65.35,65.35
"154",31,"JJ Finley Elem.",254,470,0.5404255319,2011,"elem","elem","pub",56.25,56.25
"155",-9,"Jordan Glenn**",57,115,0.4956521739,2011,"multi","prek-8","priv",NA,NA
"156",502,"Kanapaha Middle",345,916,0.3766375546,2011,"mid","mid","pub",45.6,45.6
"157",71,"Lake Forrest Elem.",129,352,0.3664772727,2011,"elem","elem","pub",96,96
"158",112,"Lincoln Middle",231,684,0.3377192982,2011,"mid","mid","pub",53.76,53.76
"159",91,"Littlewood Elem.",288,707,0.4073550212,2011,"elem","elem","pub",59.55,59.55
"160",411,"Loften High",43,240,0.1791666667,2011,"high","high","pub",65.32,65.32
"161",221,"Mebane Middle",132,422,0.3127962085,2011,"mid","mid","pub",62.67,62.67
"162",101,"Metcalfe Elem.",136,473,0.2875264271,2011,"elem","elem","pub",94.84,94.84
"163",951,"Micanopy Area Co-op",85,124,0.685483871,2011,"elem","elem","priv",NA,NA
"164",961,"Micanopy Middle School",10,64,0.15625,2011,"mid","mid","priv",65.57,65.57
"165",-10,"Millhopper Montessori**",69,226,0.3053097345,2011,"multi","prek-8","priv",NA,NA
"166",531,"Newberry Elem.",295,511,0.5772994129,2011,"elem","elem","pub",54.75,54.75
"167",261,"Newberry High",122,568,0.2147887324,2011,"high","high","pub",44.25,44.25
"168",541,"Norton Elem.",293,615,0.4764227642,2011,"elem","elem","pub",57.25,57.25
"169",-11,"Oak Hall**",397,823,0.482381531,2011,"high","high","priv",NA,NA
"170",591,"Oakview Middle",263,635,0.4141732283,2011,"mid","mid","pub",44.71,44.71
"171",950,"One Room School House",52,161,0.3229813665,2011,"elem","elem","priv",71.15,71.15
"172",391,"PK Yonge**",104,1146,0.0907504363,2011,"multi","k-12","pub",NA,NA
"173",500,"Prairie View",34,83,0.4096385542,2011,"elem","elem","pub",100,100
"174",341,"Rawlings Elem.",145,365,0.397260274,2011,"elem","elem","pub",78.98,78.98
"175",271,"Sante Fe High",90,1005,0.0895522388,2011,"high","high","pub",25.67,25.67
"176",281,"Shell Elem.",94,205,0.4585365854,2011,"elem","elem","pub",57.92,57.92
"177",-22,"Spencer House Montessori**",13,30,0.4333333333,2011,"prek","prek","priv",NA,NA
"178",-14,"St. Francis High School**",70,241,0.2904564315,2011,"high","high","priv",NA,NA
"179",41,"Stephen Foster Elem.",215,455,0.4725274725,2011,"elem","elem","pub",61.35,61.35
"180",-19,"Sweetwater Branch",92,291,0.3161512027,2011,"elem","elem","priv",NA,NA
"181",561,"Talbot Elem.",357,712,0.5014044944,2011,"elem","elem","pub",31.99,31.99
"182",311,"Terwilliger Elem.",289,684,0.4225146199,2011,"elem","elem","pub",85.21,85.21
"183",-16,"The Rock**",54,300,0.18,2011,"multi","prek-12","priv",NA,NA
"184",291,"Waldo Elem.",91,214,0.4252336449,2011,"elem","elem","pub",85.99,85.99
"185",-23,"Westwood Hills",38,160,0.2375,2011,"prek","prek","priv",NA,NA
"186",141,"Westwood Middle",323,1033,0.3126815102,2011,"mid","mid","pub",54.12,54.12
"187",501.1,"Wiles Headstart",28,70,0.4,2011,"prek","prek","pub",NA,NA
"188",501,"Wiles Elem.",394,747,0.5274431058,2011,"elem","elem","pub",44.32,44.32
"189",111,"Williams Elem.",112,493,0.2271805274,2011,"elem","elem","pub",74.73,74.73
"190",52,"A Quinn Elem.",28,64,0.4375,2012,"elem","elem","pub",80,80
"191",161,"Alachua Elem.",160,376,0.4255319149,2012,"elem","elem","pub",64.25,64.25
"192",1011,"Alachua Learning Ctr",37,160,0.23125,2012,"multi","k-8","priv",NA,NA
"193",171,"Archer Elem.",270,459,0.5882352941,2012,"elem","elem","pub",59.43,59.43
"194",-1,"B'nai Israel",14,65,0.2153846154,2012,"prek","prek","priv",NA,NA
"195",-2,"Brentwood School",95,190,0.5,2012,"multi","prek-5","priv",NA,NA
"196",431,"Buchholz High",580,1987,0.2918973327,2012,"high","high","pub",27.28,27.28
"197",953,"Caring & Sharing Learning",33,165,0.2,2012,"elem","elem","priv",94.3,94.3
"198",510,"Chiles Elem.",321,616,0.5211038961,2012,"elem","elem","pub",34.83,34.83
"199",-3,"Christian Life Academy",13,42,0.3095238095,2012,"multi","k-12","priv",NA,NA
"200",-4,"Countryside Baptist",50,125,0.4,2012,"multi","prek-12","priv",NA,NA
"201",21,"Duval Elem.",153,309,0.4951456311,2012,"elem","elem","pub",96.6,96.6
"202",421,"Eastside High",275,1266,0.2172195893,2012,"high","high","pub",52.69,52.69
"203",955,"Einstein Mont",39,106,0.3679245283,2012,"multi","2-8","priv",51.4,51.4
"204",956,"Expressions",12,20,0.6,2012,"elem","elem","priv",12.09,12.09
"205",-5,"First Christian Academy",70,227,0.3083700441,2012,"elem","elem","priv",NA,NA
"206",-6,"Forest Grove",33,112,0.2946428571,2012,"elem","elem","priv",NA,NA
"207",481,"Ft. Clarke Middle",394,822,0.4793187348,2012,"mid","mid","pub",42.25,42.25
"208",151,"Gainesville High",323,1815,0.1779614325,2012,"high","high","pub",42.3,42.3
"209",958,"Genesis Prep.",9,72,0.125,2012,"elem","elem","priv",82.35,82.35
"210",331,"Glen Springs Elem.",262,439,0.5968109339,2012,"elem","elem","pub",45.53,45.53
"211",-7,"G'ville Country Day School",106,250,0.424,2012,"prek","prek","priv",NA,NA
"212",201,"Hawthorne Jr./Sr. High",57,303,0.1881188119,2012,"high","high","pub",79.53,79.53
"213",981,"Healthy Learning",48,85,0.5647058824,2012,"elem","elem","priv",26.14,26.14
"214",482,"Hidden Oak Elem.",403,706,0.5708215297,2012,"elem","elem","pub",29.5,29.5
"215",461,"High Springs Elem.",417,837,0.4982078853,2012,"elem","elem","pub",39.86,39.86
"216",971,"Hoggtown Middle",39,105,0.3714285714,2012,"mid","mid","priv",79.82,79.82
"217",412,"Horizon Center",14,101,0.1386138614,2012,"high","high","pub",93.26,93.26
"218",121,"Howard Bishop Middle",237,694,0.3414985591,2012,"mid","mid","pub",60.03,60.03
"219",321,"Idylwilde Elem.",221,645,0.3426356589,2012,"elem","elem","pub",83.18,83.18
"220",571,"Irby Elem.",240,450,0.5333333333,2012,"elem","elem","pub",65.35,65.35
"221",31,"JJ Finley Elem.",306,548,0.5583941606,2012,"elem","elem","pub",56.25,56.25
"222",-9,"Jordan Glenn",49,115,0.4260869565,2012,"multi","prek-8","priv",NA,NA
"223",502,"Kanapaha Middle",380,969,0.3921568627,2012,"mid","mid","pub",45.6,45.6
"224",71,"Lake Forrest Elem.",118,311,0.3794212219,2012,"elem","elem","pub",96,96
"225",112,"Lincoln Middle",252,694,0.3631123919,2012,"mid","mid","pub",53.76,53.76
"226",91,"Littlewood Elem.",293,606,0.4834983498,2012,"elem","elem","pub",59.55,59.55
"227",411,"Loften High",46,206,0.2233009709,2012,"high","high","pub",65.32,65.32
"228",520,"Meadowbrook Elem.",314,577,0.5441941075,2012,"elem","elem","pub",38.27,38.27
"229",221,"Mebane Middle",162,382,0.4240837696,2012,"mid","mid","pub",62.67,62.67
"230",101,"Metcalfe Elem.",97,309,0.3139158576,2012,"elem","elem","pub",94.84,94.84
"231",951,"Micanopy Area Co-op",63,122,0.5163934426,2012,"elem","elem","priv",NA,NA
"232",961,"Micanopy Middle School",17,66,0.2575757576,2012,"mid","mid","priv",65.57,65.57
"233",-10,"Millhopper Montessori",80,235,0.3404255319,2012,"multi","prek-8","priv",NA,NA
"234",531,"Newberry Elem.",290,486,0.5967078189,2012,"elem","elem","pub",54.75,54.75
"235",261,"Newberry High",195,561,0.3475935829,2012,"high","high","pub",44.25,44.25
"236",541,"Norton Elem.",315,603,0.5223880597,2012,"elem","elem","pub",57.25,57.25
"237",-11,"Oak Hall",420,826,0.5084745763,2012,"high","high","priv",NA,NA
"238",591,"Oakview Middle",282,659,0.4279210926,2012,"mid","mid","pub",44.71,44.71
"239",950,"One Room School House",69,172,0.4011627907,2012,"elem","elem","priv",71.15,71.15
"240",391,"PK Yonge",335,1150,0.2913043478,2012,"multi","k-12","pub",NA,NA
"241",500,"Prairie View",27,87,0.3103448276,2012,"elem","elem","pub",100,100
"242",341,"Rawlings Elem.",96,295,0.3254237288,2012,"elem","elem","pub",78.98,78.98
"243",271,"Sante Fe High",138,968,0.1425619835,2012,"high","high","pub",25.67,25.67
"244",281,"Shell Elem.",116,185,0.627027027,2012,"elem","elem","pub",57.92,57.92
"245",-14,"St. Francis High School",81,241,0.3360995851,2012,"high","high","priv",NA,NA
"246",-18,"Star Christian",4,45,0.0888888889,2012,"multi","prek-8","priv",NA,NA
"247",41,"Stephen Foster Elem.",239,459,0.5206971678,2012,"elem","elem","pub",61.35,61.35
"248",-19,"Sweetwater Branch",47,270,0.1740740741,2012,"elem","elem","priv",NA,NA
"249",561,"Talbot Elem.",320,690,0.4637681159,2012,"elem","elem","pub",31.99,31.99
"250",311,"Terwilliger Elem.",259,596,0.4345637584,2012,"elem","elem","pub",85.21,85.21
"251",-16,"The Rock",64,300,0.2133333333,2012,"multi","prek-12","priv",NA,NA
"252",291,"Waldo Elem.",69,200,0.345,2012,"elem","elem","pub",85.99,85.99
"253",141,"Westwood Middle",383,1009,0.3795837463,2012,"mid","mid","pub",54.12,54.12
"254",501,"Wiles Elem.",501,720,0.6958333333,2012,"elem","elem","pub",44.32,44.32
"255",111,"Williams Elem.",134,569,0.2355008787,2012,"elem","elem","pub",74.73,74.73
"256",-20,"Zi Sung 7th Day Adventist",1,25,0.04,2012,"multi","k-10","priv",NA,NA
"257",52,"A Quinn Elem.",23,68,0.3382352941,2013,"elem","elem","pub",80,80
"258",161,"Alachua Elem.",163,368,0.4429347826,2013,"elem","elem","pub",64.25,64.25
"259",1011,"Alachua Learning Ctr",41,160,0.25625,2013,"multi","k-8","priv",NA,NA
"260",171,"Archer Elem.",275,444,0.6193693694,2013,"elem","elem","pub",59.43,59.43
"261",-1,"B'Nai Israel",8,47,0.170212766,2013,"prek","prek","priv",NA,NA
"262",-2,"Brentwood School",89,175,0.5085714286,2013,"multi","prek-5","priv",NA,NA
"263",431,"Buchholz High",586,2052,0.2855750487,2013,"high","high","pub",27.28,27.28
"264",953,"Caring & Sharing Learning",39,129,0.3023255814,2013,"elem","elem","priv",94.3,94.3
"265",510,"Chiles Elem.",334,687,0.4861717613,2013,"elem","elem","pub",34.83,34.83
"266",-3,"Christian Life Academy",14,39,0.358974359,2013,"multi","k-12","priv",NA,NA
"267",-4,"Countryside Baptist",24,173,0.1387283237,2013,"multi","prek-12","priv",NA,NA
"268",21,"Duval Elem.",133,296,0.4493243243,2013,"elem","elem","pub",96.6,96.6
"269",421,"Eastside High",355,1325,0.2679245283,2013,"high","high","pub",52.69,52.69
"270",955,"Einstein Mont",45,102,0.4411764706,2013,"multi","2-8","priv",51.4,51.4
"271",956,"Expressions",13,92,0.1413043478,2013,"elem","elem","priv",12.09,12.09
"272",-5,"First Christian Academy",81,242,0.3347107438,2013,"elem","elem","priv",NA,NA
"273",-6,"Forest Grove",17,112,0.1517857143,2013,"elem","elem","priv",NA,NA
"274",481,"Ft. Clarke Middle",415,846,0.4905437352,2013,"mid","mid","pub",42.25,42.25
"275",151,"Gainesville High",446,1720,0.2593023256,2013,"high","high","pub",42.3,42.3
"276",958,"Genesis Prep.",9,68,0.1323529412,2013,"elem","elem","priv",82.35,82.35
"277",331,"Glen Springs Elem.",299,466,0.6416309013,2013,"elem","elem","pub",45.53,45.53
"278",-7,"G'ville Country Day Pre-K 75th",21,75,0.28,2013,"prek","prek","priv",NA,NA
"279",-8,"G'ville Country Day School 24th",94,125,0.752,2013,"prek","prek","priv",NA,NA
"280",201,"Hawthorne Jr./Sr. High",72,282,0.2553191489,2013,"high","high","pub",79.53,79.53
"281",981,"Healthy Learning",52,88,0.5909090909,2013,"elem","elem","priv",26.14,26.14
"282",482,"Hidden Oak Elem.",420,723,0.5809128631,2013,"elem","elem","pub",29.5,29.5
"283",461,"High Springs Elem.",365,840,0.4345238095,2013,"elem","elem","pub",39.86,39.86
"284",971,"Hoggtown Middle",40,114,0.350877193,2013,"mid","mid","priv",79.82,79.82
"285",412,"Horizon Center",4,87,0.0459770115,2013,"high","high","pub",93.26,93.26
"286",121,"Howard Bishop Middle",248,693,0.3578643579,2013,"mid","mid","pub",60.03,60.03
"287",321,"Idylwild Elem.",295,684,0.4312865497,2013,"elem","elem","pub",83.18,83.18
"288",571,"Irby Elem.",257,461,0.557483731,2013,"elem","elem","pub",65.35,65.35
"289",31,"JJ Finley Elem.",360,570,0.6315789474,2013,"elem","elem","pub",56.25,56.25
"290",-9,"Jordan Glenn",59,115,0.5130434783,2013,"multi","prek-8","priv",NA,NA
"291",502,"Kanapaha Middle",410,954,0.429769392,2013,"mid","mid","pub",45.6,45.6
"292",71,"Lake Forest Elem.",130,298,0.4362416107,2013,"elem","elem","pub",96,96
"293",112,"Lincoln Middle",289,675,0.4281481481,2013,"mid","mid","pub",53.76,53.76
"294",91,"Littlewood Elem.",156,621,0.2512077295,2013,"elem","elem","pub",59.55,59.55
"295",411,"Loften High",58,198,0.2929292929,2013,"high","high","pub",65.32,65.32
"296",520,"Meadowbrook Elem.",411,708,0.5805084746,2013,"elem","elem","pub",38.27,38.27
"297",221,"Mebane Middle",141,354,0.3983050847,2013,"mid","mid","pub",62.67,62.67
"298",101,"Metcalfe Elem.",134,318,0.4213836478,2013,"elem","elem","pub",94.84,94.84
"299",951,"Micanopy Area Co-op",75,131,0.572519084,2013,"elem","elem","priv",NA,NA
"300",961,"Micanopy Middle School",18,62,0.2903225806,2013,"mid","mid","priv",65.57,65.57
"301",-10,"Millhopper Montessori",95,217,0.4377880184,2013,"multi","prek-8","priv",NA,NA
"302",531,"Newberry Elem.",324,498,0.6506024096,2013,"elem","elem","pub",54.75,54.75
"303",261,"Newberry High",201,553,0.3634719711,2013,"high","high","pub",44.25,44.25
"304",541,"Norton Elem.",345,673,0.5126300149,2013,"elem","elem","pub",57.25,57.25
"305",-11,"Oak Hall",442,820,0.5390243902,2013,"high","high","priv",NA,NA
"306",591,"Oakview Middle",344,707,0.486562942,2013,"mid","mid","pub",44.71,44.71
"307",950,"One Room School House",66,239,0.2761506276,2013,"elem","elem","priv",71.15,71.15
"308",-12,"Passage Christian",9,19,0.4736842105,2013,"multi","k-12","priv",NA,NA
"309",391,"PK Yonge",311,1142,0.2723292469,2013,"multi","k-12","pub",NA,NA
"310",500,"Prairie View",21,50,0.42,2013,"elem","elem","pub",100,100
"311",-13,"Queen of Peace",228,441,0.5170068027,2013,"multi","prek-8","priv",NA,NA
"312",341,"Rawlings & Fernside",136,290,0.4689655172,2013,"elem","elem","pub",78.98,78.98
"313",271,"Sante Fe High",281,1058,0.2655954631,2013,"high","high","pub",25.67,25.67
"314",281,"Shell Elem.",100,183,0.5464480874,2013,"elem","elem","pub",57.92,57.92
"315",-14,"St. Francis High School",76,242,0.3140495868,2013,"high","high","priv",NA,NA
"316",-15,"St. Patricks",85,242,0.3512396694,2013,"multi","prek-8","priv",NA,NA
"317",41,"Stephen Foster Elem.",237,485,0.4886597938,2013,"elem","elem","pub",61.35,61.35
"318",561,"Talbot Elem.",355,717,0.4951185495,2013,"elem","elem","pub",31.99,31.99
"319",311,"Terwilliger Elem.",282,608,0.4638157895,2013,"elem","elem","pub",85.21,85.21
"320",-16,"The Rock",97,300,0.3233333333,2013,"multi","prek-12","priv",NA,NA
"321",-17,"Trilogy",20,76,0.2631578947,2013,"multi","k-12","priv",NA,NA
"322",291,"Waldo Elem.",101,201,0.5024875622,2013,"elem","elem","pub",85.99,85.99
"323",141,"Westwood Middle",455,989,0.4600606673,2013,"mid","mid","pub",54.12,54.12
"324",501,"Wiles Elem.",514,798,0.6441102757,2013,"elem","elem","pub",44.32,44.32
"325",111,"Williams Elem.",210,565,0.3716814159,2013,"elem","elem","pub",74.73,74.73
"326",52,"A Quinn Elem.",23,67,0.3432835821,2014,"elem","elem","pub",80,80
"327",161,"Alachua Elem.",174,365,0.4767123288,2014,"elem","elem","pub",64.25,64.25
"328",1011,"Alachua Learning Ctr",47,162,0.2901234568,2014,"multi","k-8","priv",NA,NA
"329",171,"Archer Elem.",305,453,0.6732891832,2014,"elem","elem","pub",59.43,59.43
"330",-1,"B'Nai Israel",20,47,0.4255319149,2014,"prek","prek","priv",NA,NA
"331",-2,"Brentwood School",91,175,0.52,2014,"multi","prek-5","priv",NA,NA
"332",431,"Buchholz High",803,2182,0.3680109991,2014,"high","high","pub",27.28,27.28
"333",953,"Caring & Sharing Learning",25,140,0.1785714286,2014,"elem","elem","priv",94.3,94.3
"334",510,"Chiles Elem.",324,688,0.4709302326,2014,"elem","elem","pub",34.83,34.83
"335",-3,"Christian Life Academy",13,39,0.3333333333,2014,"multi","k-12","priv",NA,NA
"336",-4,"Countryside Baptist",74,173,0.4277456647,2014,"multi","prek-12","priv",NA,NA
"337",21,"Duval Elem.",111,310,0.3580645161,2014,"elem","elem","pub",96.6,96.6
"338",421,"Eastside High",402,1346,0.2986627043,2014,"high","high","pub",52.69,52.69
"339",955,"Einstein Mont",43,102,0.4215686275,2014,"multi","2-8","priv",51.4,51.4
"340",956,"Expressions",17,27,0.6296296296,2014,"elem","elem","priv",12.09,12.09
"341",-5,"First Christian Academy",87,242,0.3595041322,2014,"elem","elem","priv",NA,NA
"342",-6,"Forest Grove",7,28,0.25,2014,"elem","elem","priv",NA,NA
"343",481,"Ft. Clarke Middle",404,843,0.4792408066,2014,"mid","mid","pub",42.25,42.25
"344",151,"Gainesville High",513,1836,0.2794117647,2014,"high","high","pub",42.3,42.3
"345",958,"Genesis Prep.",12,69,0.1739130435,2014,"elem","elem","priv",82.35,82.35
"346",331,"Glen Springs Elem.",309,474,0.6518987342,2014,"elem","elem","pub",45.53,45.53
"347",-7,"G'ville Country Day Pre-K 75th",93,125,0.744,2014,"prek","prek","priv",NA,NA
"348",-8,"G'ville Country Day School 24th",18,75,0.24,2014,"prek","prek","priv",NA,NA
"349",201,"Hawthorne Jr./Sr. High",57,281,0.2028469751,2014,"high","high","pub",79.53,79.53
"350",981,"Healthy Learning",59,88,0.6704545455,2014,"elem","elem","priv",26.14,26.14
"351",482,"Hidden Oak Elem.",425,726,0.585399449,2014,"elem","elem","pub",29.5,29.5
"352",461,"High Springs Elem.",439,871,0.5040183697,2014,"elem","elem","pub",39.86,39.86
"353",121,"Howard Bishop Middle",290,692,0.4190751445,2014,"mid","mid","pub",60.03,60.03
"354",321,"Idylwild Elem.",313,682,0.4589442815,2014,"elem","elem","pub",83.18,83.18
"355",571,"Irby Elem.",255,506,0.5039525692,2014,"elem","elem","pub",65.35,65.35
"356",31,"JJ Finley Elem.",372,578,0.6435986159,2014,"elem","elem","pub",56.25,56.25
"357",-9,"Jordan Glenn",62,115,0.5391304348,2014,"multi","prek-8","priv",NA,NA
"358",502,"Kanapaha Middle",473,970,0.487628866,2014,"mid","mid","pub",45.6,45.6
"359",71,"Lake Forest Elem.",140,814,0.171990172,2014,"elem","elem","pub",96,96
"360",112,"Lincoln Middle",319,677,0.4711964549,2014,"mid","mid","pub",53.76,53.76
"361",91,"Littlewood Elem.",346,620,0.5580645161,2014,"elem","elem","pub",59.55,59.55
"362",411,"Loften High",42,217,0.1935483871,2014,"high","high","pub",65.32,65.32
"363",520,"Meadowbrook Elem.",445,710,0.6267605634,2014,"elem","elem","pub",38.27,38.27
"364",221,"Mebane Middle",144,356,0.404494382,2014,"mid","mid","pub",62.67,62.67
"365",101,"Metcalfe Elem.",135,398,0.3391959799,2014,"elem","elem","pub",94.84,94.84
"366",951,"Micanopy Area Co-op",83,146,0.5684931507,2014,"elem","elem","priv",NA,NA
"367",961,"Micanopy Middle School",17,62,0.2741935484,2014,"mid","mid","priv",65.57,65.57
"368",-10,"Millhopper Montessori",78,217,0.3594470046,2014,"multi","prek-8","priv",NA,NA
"369",531,"Newberry Elem.",354,520,0.6807692308,2014,"elem","elem","pub",54.75,54.75
"370",261,"Newberry High",184,574,0.3205574913,2014,"high","high","pub",44.25,44.25
"371",541,"Norton Elem.",361,675,0.5348148148,2014,"elem","elem","pub",57.25,57.25
"372",-11,"Oak Hall",408,820,0.4975609756,2014,"high","high","priv",NA,NA
"373",591,"Oakview Middle",385,700,0.55,2014,"mid","mid","pub",44.71,44.71
"374",950,"One Room School House",66,262,0.2519083969,2014,"elem","elem","priv",71.15,71.15
"375",-12,"Passage Christian",11,27,0.4074074074,2014,"multi","k-12","priv",NA,NA
"376",391,"PK Yonge",362,1142,0.3169877408,2014,"multi","k-12","pub",NA,NA
"377",-13,"Queen of Peace",257,441,0.5827664399,2014,"multi","prek-8","priv",NA,NA
"378",341,"Rawlings & Fernside",177,387,0.4573643411,2014,"elem","elem","pub",78.98,78.98
"379",271,"Sante Fe High",314,1135,0.2766519824,2014,"high","high","pub",25.67,25.67
"380",281,"Shell Elem.",104,194,0.5360824742,2014,"elem","elem","pub",57.92,57.92
"381",-14,"St. Francis High School",53,242,0.2190082645,2014,"high","high","priv",NA,NA
"382",-15,"St. Patricks",105,242,0.4338842975,2014,"multi","prek-8","priv",NA,NA
"383",41,"Stephen Foster Elem.",263,484,0.5433884298,2014,"elem","elem","pub",61.35,61.35
"384",561,"Talbot Elem.",383,707,0.5417256011,2014,"elem","elem","pub",31.99,31.99
"385",311,"Terwilliger Elem.",314,678,0.4631268437,2014,"elem","elem","pub",85.21,85.21
"386",-16,"The Rock",116,300,0.3866666667,2014,"multi","prek-12","priv",NA,NA
"387",-17,"Trilogy",18,76,0.2368421053,2014,"multi","k-12","priv",NA,NA
"388",291,"Waldo Elem.",79,221,0.3574660633,2014,"elem","elem","pub",85.99,85.99
"389",141,"Westwood Middle",428,986,0.4340770791,2014,"mid","mid","pub",54.12,54.12
"390",501,"Wiles Elem.",508,808,0.6287128713,2014,"elem","elem","pub",44.32,44.32
"391",501.1,"Wiles Head Start",37,85,0.4352941176,2014,"prek","prek","pub",NA,NA
"392",111,"Williams Elem.",213,566,0.3763250883,2014,"elem","elem","pub",74.73,74.73
